flight_id,tanggal,latitude,longitude,heading,altitude,aircraft_code,registration,time,callsign,airline_icao,timestamp_difference,Runway,Abnormality
60728,11/23/2022 16:18,0.451,101.4443,2,0,A320,9M-AFE,1670000000,AXM429,AXM,9,36,0
86484,12/16/2022 8:39,0.4518,101.4442,2,0,A320,9M-AFF,1670000000,AXM427,AXM,4,36,0
7064,10/3/2022 7:23,0.4586,101.4445,180,0,A320,9M-AGM,1660000000,AXM427,AXM,6,18,1
63711,11/25/2022 16:47,0.461,101.4445,182,0,A20N,9M-AGO,1670000000,AXM429,AXM,4,18,1
77295,12/7/2022 16:33,0.4626,101.4446,3,0,A320,9M-AGP,1670000000,AXM429,AXM,6,36,1
11364,10/7/2022 7:24,0.4623,101.4446,2,0,A20N,9M-AGQ,1670000000,AXM427,AXM,9,36,1
18797,10/14/2022 7:25,0.4623,101.4446,2,0,A320,9M-AGZ,1670000000,AXM427,AXM,9,36,1
91869,12/20/2022 19:52,0.4551,101.4444,2,0,A320,9M-AHE,1670000000,AXM429,AXM,9,36,0
72139,12/3/2022 18:24,0.4512,101.4443,1,0,A320,9M-AHY,1670000000,AXM429,AXM,4,36,0
56079,11/18/2022 7:28,0.4615,101.4445,2,0,A320,9M-AJG,1670000000,AXM427,AXM,4,36,1
69362,12/1/2022 16:56,0.4584,101.4445,2,0,A320,9M-AJN,1670000000,AXM429,AXM,4,36,1
65387,11/28/2022 16:50,0.4504,101.4442,2,0,A320,9M-AQH,1670000000,AXM429,AXM,5,36,0
1073,9/27/2022 11:50,0.4644,101.4446,182,0,AT76,9M-LMG,1660000000,MXD310,BTK,4,18,0
2083,9/28/2022 11:51,0.4641,101.4446,182,0,AT76,9M-LMG,1660000000,MXD310,BTK,5,18,0
17808,10/13/2022 11:47,0.4565,101.4444,2,0,AT76,9M-LMG,1670000000,MXD310,BTK,9,36,1
86682,12/16/2022 12:02,0.4557,101.4444,2,0,AT76,9M-LMG,1670000000,MXD310,BTK,8,36,0
64447,11/26/2022 11:53,0.454,101.4443,1,0,AT76,9M-LMH,1670000000,MXD310,BTK,6,36,0
73337,12/5/2022 11:48,0.4641,101.4446,182,0,AT76,9M-LMH,1670000000,MXD310,BTK,5,18,0
75066,12/6/2022 11:47,0.4615,101.4445,180,0,AT76,9M-LMH,1670000000,MXD310,BTK,6,18,1
78926,12/9/2022 11:58,0.4543,101.4443,2,0,AT76,9M-LMH,1670000000,MXD310,BTK,6,36,0
80294,12/10/2022 11:57,0.4551,101.4444,2,0,AT76,9M-LMH,1670000000,MXD310,BTK,4,36,0
7485,10/3/2022 11:57,0.4545,101.4443,2,0,AT76,9M-LMK,1660000000,MXD310,BTK,8,36,0
14709,10/10/2022 11:45,0.4542,101.4443,1,0,AT76,9M-LMK,1670000000,MXD310,BTK,5,36,0
16034,10/11/2022 11:48,0.4549,101.4443,2,0,AT76,9M-LMK,1670000000,MXD310,BTK,5,36,0
48074,11/10/2022 12:11,0.4558,101.4444,2,0,AT76,9M-LMK,1670000000,MXD310,BTK,7,36,1
49673,11/11/2022 11:50,0.4548,101.4443,2,0,AT76,9M-LMK,1670000000,MXD310,BTK,7,36,0
51732,11/12/2022 11:56,0.4532,101.4443,2,0,AT76,9M-LMK,1670000000,MXD310,BTK,5,36,0
57775,11/22/2022 11:52,0.4565,101.4444,2,0,AT76,9M-LMK,1670000000,MXD310,BTK,4,36,1
85513,12/15/2022 11:58,0.4547,101.4444,1,0,AT76,9M-LMK,1670000000,MXD310,BTK,5,36,0
3592,9/29/2022 11:46,0.4647,101.4446,182,0,AT76,9M-LMU,1660000000,MXD310,BTK,4,18,0
6390,10/1/2022 12:49,0.4567,101.4444,1,0,AT76,9M-LMU,1660000000,MXD310,BTK,7,36,1
9052,10/4/2022 11:50,0.4658,101.4446,180,0,AT76,9M-LMU,1660000000,MXD310,BTK,6,18,0
11850,10/7/2022 11:58,0.4633,101.4446,182,0,AT76,9M-LMU,1670000000,MXD310,BTK,4,18,0
19355,10/14/2022 12:34,0.4557,101.4443,2,0,AT76,9M-LMU,1670000000,MXD310,BTK,5,36,0
21469,10/15/2022 12:21,0.4542,101.4443,2,0,AT76,9M-LMU,1670000000,MXD310,BTK,7,36,0
23193,10/17/2022 11:51,0.4551,101.4443,1,0,AT76,9M-LMU,1670000000,MXD310,BTK,5,36,0
24774,10/18/2022 11:46,0.4545,101.4443,2,0,AT76,9M-LMU,1670000000,MXD310,BTK,4,36,0
32472,10/23/2022 11:57,0.4548,101.4443,2,0,AT76,9M-LMU,1670000000,MXD310,BTK,3,36,0
34060,10/26/2022 12:02,0.4531,101.4443,2,0,AT76,9M-LMU,1670000000,MXD310,BTK,7,36,0
39960,11/3/2022 12:07,0.4645,101.4446,182,0,AT76,9M-LMU,1670000000,MXD310,BTK,7,18,0
41153,11/4/2022 11:56,0.4651,101.4446,182,0,AT76,9M-LMU,1670000000,MXD310,BTK,9,18,0
42794,11/5/2022 12:11,0.4541,101.4443,2,0,AT76,9M-LMU,1670000000,MXD310,BTK,3,36,0
46362,11/9/2022 12:03,0.4544,101.4443,2,0,AT76,9M-LMU,1670000000,MXD310,BTK,4,36,0
52441,11/13/2022 11:54,0.4548,101.4443,2,0,AT76,9M-LMU,1670000000,MXD310,BTK,3,36,0
53256,11/14/2022 11:54,0.4576,101.4444,2,0,AT76,9M-LMU,1670000000,MXD310,BTK,9,36,1
56578,11/18/2022 11:51,0.4557,101.4444,2,0,AT76,9M-LMU,1670000000,MXD310,BTK,9,36,0
57122,11/21/2022 11:49,0.4536,101.4443,2,0,AT76,9M-LMU,1670000000,MXD310,BTK,5,36,0
60022,11/23/2022 12:00,0.4552,101.4444,2,0,AT76,9M-LMU,1670000000,MXD310,BTK,5,36,0
66193,11/29/2022 11:41,0.4638,101.4446,180,0,AT76,9M-LMU,1670000000,MXD310,BTK,9,18,0
70088,12/2/2022 11:52,0.4536,101.4443,1,0,AT76,9M-LMU,1670000000,MXD310,BTK,3,36,0
72858,12/4/2022 11:42,0.4641,101.4446,182,0,AT76,9M-LMU,1670000000,MXD310,BTK,9,18,0
82361,12/12/2022 12:04,0.4548,101.4443,2,0,AT76,9M-LMU,1670000000,MXD310,BTK,6,36,0
90774,12/20/2022 11:49,0.454,101.4443,2,0,AT76,9M-LMU,1670000000,MXD310,BTK,9,36,0
92141,12/21/2022 11:55,0.4556,101.4444,2,0,AT76,9M-LMU,1670000000,MXD310,BTK,6,36,0
95738,12/23/2022 11:52,0.4523,101.4443,1,0,AT76,9M-LMU,1670000000,MXD310,BTK,6,36,0
27993,10/20/2022 12:00,0.4644,101.4446,182,0,AT76,9M-LMW,1670000000,MXD310,BTK,9,18,0
35341,10/27/2022 12:01,0.4564,101.4444,2,0,AT76,9M-LMW,1670000000,MXD310,BTK,9,36,1
61512,11/24/2022 11:58,0.4568,101.4444,1,0,AT76,9M-LMW,1670000000,MXD310,BTK,4,36,1
63238,11/25/2022 12:04,0.4576,101.4444,2,0,AT76,9M-LMW,1670000000,MXD310,BTK,8,36,1
81320,12/11/2022 12:02,0.4552,101.4444,2,0,AT76,9M-LMW,1670000000,MXD310,BTK,3,36,0
27222,10/19/2022 17:26,0.4546,101.4444,2,0,B738,9M-MLK,1670000000,MAS841,MAS,4,36,0
32912,10/23/2022 17:21,0.4557,101.4444,1,0,B738,9M-MLL,1670000000,MAS841,MAS,5,36,0
84963,12/14/2022 19:15,0.4543,101.4443,2,0,B738,9M-MLQ,1670000000,MAS841,MAS,5,36,0
44312,11/6/2022 19:06,0.454,101.4443,2,0,B738,9M-MLR,1670000000,MAS841,MAS,6,36,0
17122,10/12/2022 16:59,0.4526,101.4443,2,0,B738,9M-MSE,1670000000,MAS841,MAS,8,36,0
93214,12/21/2022 19:26,0.453,101.4443,1,0,B738,9M-MXA,1670000000,MAS841,MAS,5,36,0
39413,11/2/2022 19:30,0.4536,101.4443,2,0,B738,9M-MXB,1670000000,MAS841,MAS,9,36,0
47406,11/9/2022 19:00,0.4523,101.4443,2,0,B738,9M-MXT,1670000000,MAS841,MAS,9,36,0
54766,11/16/2022 19:13,0.4545,101.4443,2,0,B738,9M-MXW,1670000000,MAS841,MAS,5,36,0
49278,11/11/2022 7:32,0.4607,101.4445,2,0,A320,9M-RAA,1670000000,AXM427,AXM,6,36,1
41086,11/4/2022 10:14,0.4609,101.4445,358,0,A320,9M-RAE,1670000000,AXM427,AXM,4,36,1
62266,11/24/2022 16:38,0.461,101.4445,180,0,A320,9M-RAG,1670000000,AXM429,AXM,8,18,1
14234,10/10/2022 7:25,0.4593,101.4445,2,0,A320,9M-RAI,1670000000,AXM427,AXM,7,36,1
54316,11/16/2022 16:39,0.4577,101.4444,2,0,A20N,9M-RAM,1670000000,AXM429,AXM,6,36,1
96353,12/23/2022 16:27,0.4605,101.4445,1,0,A20N,9M-RAM,1670000000,AXM429,AXM,9,36,1
95171,12/22/2022 21:09,0.4586,101.4445,2,0,A320,9M-RAN,1670000000,AXM429,AXM,6,36,1
62761,11/25/2022 7:13,0.4581,101.4444,2,0,A20N,9M-RAQ,1670000000,AXM427,AXM,9,36,1
29203,10/21/2022 7:19,0.4602,101.4445,2,0,A320,9M-RAT,1670000000,AXM427,AXM,5,36,1
68093,11/30/2022 17:19,0.4592,101.4445,2,0,A320,9M-RAT,1670000000,AXM429,AXM,8,36,1
52928,11/14/2022 7:33,0.458,101.4444,2,0,A320,9M-RCH,1670000000,AXM427,AXM,4,36,1
63887,11/25/2022 17:28,0.4651,101.4446,182,0,A320,9V-TRX,1670000000,TGW252,TGW,5,18,0
22893,10/17/2022 8:21,0.4546,101.4443,2,0,A320,PK-AXT,1670000000,AWQ800,AXM,4,36,0
84506,12/13/2022 19:21,0.4515,101.4443,2,0,A320,PK-AXX,1670000000,AWQ802,AXM,9,36,0
37479,10/29/2022 8:32,0.4552,101.4443,2,0,A320,PK-AZA,1670000000,AWQ800,AXM,8,36,0
55758,11/17/2022 19:30,0.4537,101.4443,2,0,A320,PK-AZJ,1670000000,AWQ802,AXM,8,36,0
67106,11/29/2022 19:30,0.453,101.4443,2,0,A320,PK-AZM,1670000000,AWQ802,AXM,4,36,0
69146,12/1/2022 15:33,0.4554,101.4444,2,0,B738,PK-BGF,1670000000,BTK6854,BTK,9,36,0
75863,12/6/2022 16:46,0.4536,101.4443,2,0,B738,PK-BGF,1670000000,BTK6848,BTK,5,36,0
80744,12/10/2022 15:58,0.4546,101.4443,2,0,B738,PK-BGF,1670000000,BTK6854,BTK,9,36,0
85914,12/15/2022 16:26,0.4547,101.4444,1,0,B738,PK-BGF,1670000000,BTK6854,BTK,5,36,0
94367,12/22/2022 15:41,0.4551,101.4444,2,0,B738,PK-BGF,1670000000,BTK6854,BTK,4,36,0
96230,12/23/2022 15:32,0.455,101.4443,2,0,B738,PK-BGF,1670000000,BTK6854,BTK,9,36,0
60864,11/23/2022 17:03,0.4539,101.4443,2,0,B738,PK-BGJ,1670000000,BTK6848,BTK,5,36,0
61963,11/24/2022 14:45,0.4631,101.4446,182,0,B738,PK-BGJ,1670000000,BTK6854,BTK,6,18,0
35673,10/27/2022 15:15,0.4594,101.4445,2,0,B738,PK-BGP,1670000000,BTK6854,BTK,6,36,1
71586,12/3/2022 15:15,0.4579,101.4444,2,0,B738,PK-BGP,1670000000,BTK6854,BTK,6,36,1
80977,12/10/2022 17:09,0.4614,101.4445,2,0,B738,PK-BGP,1670000000,BTK6848,BTK,8,36,1
3433,9/29/2022 8:44,0.4554,101.4444,1,0,B738,PK-BGQ,1660000000,BTK6856,BTK,2,36,0
5314,9/30/2022 15:17,0.4526,101.4443,1,0,B738,PK-BGQ,1660000000,BTK6854,BTK,4,36,0
50625,11/11/2022 18:29,0.4523,101.4443,2,0,B738,PK-BGQ,1670000000,BTK6848,BTK,8,36,0
53921,11/14/2022 17:34,0.4537,101.4443,2,0,B738,PK-BGQ,1670000000,BTK6848,BTK,5,36,0
63507,11/25/2022 15:12,0.4547,101.4444,1,0,B738,PK-BGQ,1670000000,BTK6854,BTK,7,36,0
69287,12/1/2022 16:50,0.4552,101.4444,1,0,B738,PK-BGQ,1670000000,BTK6848,BTK,4,36,0
74631,12/6/2022 7:03,0.4578,101.4444,2,0,A320,PK-BKK,1670000000,BTK6850,BTK,5,36,1
75126,12/6/2022 12:09,0.4587,101.4445,182,0,A320,PK-BKK,1670000000,BTK6852,BTK,9,18,1
81362,12/11/2022 12:10,0.4588,101.4445,2,0,A320,PK-BKK,1670000000,BTK6852,BTK,7,36,1
88322,12/17/2022 12:11,0.4604,101.4445,2,0,A320,PK-BKK,1670000000,BTK6852,BTK,4,36,1
95782,12/23/2022 12:03,0.4597,101.4445,2,0,A320,PK-BKK,1670000000,BTK6852,BTK,5,36,1
63414,11/25/2022 13:38,0.4586,101.4445,1,0,A320,PK-BKL,1670000000,BTK6852,BTK,5,36,1
67247,11/30/2022 7:04,0.4584,101.4444,1,0,A320,PK-BKL,1670000000,BTK6850,BTK,7,36,1
69018,12/1/2022 13:02,0.4593,101.4445,2,0,A320,PK-BKL,1670000000,BTK6852,BTK,8,36,1
73392,12/5/2022 12:10,0.4569,101.4444,182,0,A320,PK-BKL,1670000000,BTK6852,BTK,5,18,1
77750,12/8/2022 7:06,0.4574,101.4444,2,0,A320,PK-BKL,1670000000,BTK6850,BTK,5,36,1
78976,12/9/2022 12:16,0.4579,101.4444,3,0,A320,PK-BKL,1670000000,BTK6852,BTK,3,36,1
80342,12/10/2022 12:06,0.4597,101.4445,2,0,A320,PK-BKL,1670000000,BTK6852,BTK,6,36,1
82291,12/12/2022 11:58,0.4601,101.4445,1,0,A320,PK-BKL,1670000000,BTK6852,BTK,5,36,1
86790,12/16/2022 12:16,0.4578,101.4444,1,0,A320,PK-BKL,1670000000,BTK6852,BTK,8,36,1
90849,12/20/2022 12:19,0.4624,101.4446,1,0,A320,PK-BKL,1670000000,BTK6852,BTK,8,36,1
39857,11/3/2022 11:58,0.4601,101.4445,182,0,A320,PK-BKO,1670000000,BTK6852,BTK,4,18,1
41204,11/4/2022 12:03,0.4582,101.4444,182,0,A320,PK-BKO,1670000000,BTK6852,BTK,3,18,1
42723,11/5/2022 12:06,0.4594,101.4445,1,0,A320,PK-BKO,1670000000,BTK6852,BTK,5,36,1
43651,11/6/2022 12:07,0.4606,101.4445,2,0,A320,PK-BKO,1670000000,BTK6852,BTK,9,36,1
46409,11/9/2022 12:35,0.4592,101.4445,1,0,A320,PK-BKO,1670000000,BTK6852,BTK,5,36,1
47676,11/10/2022 7:07,0.4599,101.4445,2,0,A320,PK-BKO,1670000000,BTK6850,BTK,5,36,1
49175,11/11/2022 6:59,0.4572,101.4444,2,0,A320,PK-BKO,1670000000,BTK6850,BTK,4,36,1
51774,11/12/2022 12:17,0.4598,101.4445,2,0,A320,PK-BKO,1670000000,BTK6852,BTK,4,36,1
52792,11/14/2022 6:57,0.4599,101.4445,4,0,A320,PK-BKO,1670000000,BTK6850,BTK,8,36,1
53369,11/14/2022 12:30,0.4599,101.4445,2,0,A320,PK-BKO,1670000000,BTK6852,BTK,9,36,1
56029,11/18/2022 7:08,0.4602,101.4445,3,0,A320,PK-BKO,1670000000,BTK6850,BTK,6,36,1
56688,11/18/2022 12:16,0.4596,101.4445,2,0,A320,PK-BKO,1670000000,BTK6852,BTK,8,36,1
56790,11/20/2022 7:06,0.4591,101.4445,1,0,A320,PK-BKO,1670000000,BTK6850,BTK,6,36,1
57818,11/22/2022 12:15,0.4606,101.4445,1,0,A320,PK-BKO,1670000000,BTK6852,BTK,5,36,1
59305,11/23/2022 7:11,0.4582,101.4445,2,0,A320,PK-BKO,1670000000,BTK6850,BTK,9,36,1
60178,11/23/2022 12:20,0.4599,101.4445,2,0,A320,PK-BKO,1670000000,BTK6852,BTK,4,36,1
71186,12/3/2022 11:59,0.4584,101.4444,2,0,A320,PK-BKO,1670000000,BTK6852,BTK,5,36,1
84637,12/14/2022 7:10,0.4618,101.4445,5,0,A320,PK-BKO,1670000000,BTK6850,BTK,5,36,1
92184,12/21/2022 12:09,0.4596,101.4445,2,0,A320,PK-BKO,1670000000,BTK6852,BTK,6,36,1
93499,12/22/2022 7:02,0.4578,101.4444,2,0,A320,PK-BKO,1670000000,BTK6850,BTK,5,36,1
21231,10/15/2022 9:01,0.4543,101.4443,1,0,B738,PK-GEM,1670000000,GIA172,GIA,5,36,0
29487,10/21/2022 9:01,0.4536,101.4443,2,0,B738,PK-GEM,1670000000,GIA172,GIA,4,36,0
61438,11/24/2022 9:11,0.4525,101.4443,1,0,B738,PK-GFF,1670000000,GIA172,GIA,4,36,0
2011,9/28/2022 9:03,0.4628,101.4445,181,0,B738,PK-GFH,1660000000,GIA172,GIA,5,18,0
3511,9/29/2022 9:09,0.454,101.4443,2,0,B738,PK-GFH,1660000000,GIA172,GIA,5,36,0
6152,10/1/2022 9:00,0.4552,101.4443,2,0,B738,PK-GFH,1660000000,GIA172,GIA,5,36,0
15941,10/11/2022 9:04,0.4558,101.4444,2,0,B738,PK-GFH,1670000000,GIA172,GIA,6,36,1
17619,10/13/2022 8:53,0.4534,101.4443,2,0,B738,PK-GFH,1670000000,GIA172,GIA,6,36,0
19214,10/14/2022 8:57,0.454,101.4443,1,0,B738,PK-GFH,1670000000,GIA172,GIA,9,36,0
62476,11/24/2022 16:59,0.4546,101.4444,2,0,B738,PK-GFH,1670000000,GIA176,GIA,6,36,0
63159,11/25/2022 9:16,0.4555,101.4444,2,0,B738,PK-GFH,1670000000,GIA172,GIA,7,36,0
39773,11/3/2022 9:05,0.4659,101.4446,180,0,B738,PK-GFI,1670000000,GIA172,GIA,4,18,0
55247,11/17/2022 16:54,0.456,101.4444,1,0,B738,PK-GFI,1670000000,GIA176,GIA,5,36,1
57000,11/21/2022 9:12,0.4562,101.4444,2,0,B738,PK-GFI,1670000000,GIA172,GIA,9,36,1
63811,11/25/2022 17:03,0.4558,101.4444,2,0,B738,PK-GFI,1670000000,GIA176,GIA,6,36,1
82151,12/12/2022 8:58,0.4574,101.4444,2,0,B738,PK-GFI,1670000000,GIA172,GIA,9,36,1
75799,12/6/2022 16:36,0.459,101.4445,2,0,B738,PK-GFJ,1670000000,GIA178,GIA,9,36,1
24729,10/18/2022 9:13,0.4541,101.4443,1,0,B738,PK-GFM,1670000000,GIA172,GIA,4,36,0
40116,11/3/2022 16:48,0.4548,101.4444,2,0,B738,PK-GFM,1670000000,GIA176,GIA,5,36,0
41042,11/4/2022 8:51,0.455,101.4443,2,0,B738,PK-GFM,1670000000,GIA172,GIA,9,36,0
51588,11/12/2022 9:07,0.4549,101.4443,2,0,B738,PK-GFM,1670000000,GIA172,GIA,9,36,0
53856,11/14/2022 17:04,0.4551,101.4444,2,0,B738,PK-GFM,1670000000,GIA178,GIA,6,36,0
89349,12/17/2022 16:59,0.4546,101.4443,2,0,B738,PK-GFM,1670000000,GIA178,GIA,6,36,0
45695,11/8/2022 8:53,0.4546,101.4443,2,0,B738,PK-GFP,1670000000,GIA172,GIA,4,36,0
53035,11/14/2022 9:06,0.453,101.4443,2,0,B738,PK-GFP,1670000000,GIA172,GIA,7,36,0
54381,11/16/2022 16:45,0.453,101.4443,2,0,B738,PK-GFP,1670000000,GIA176,GIA,7,36,0
64311,11/26/2022 8:50,0.4551,101.4443,2,0,B738,PK-GFP,1670000000,GIA172,GIA,3,36,0
85393,12/15/2022 9:16,0.4526,101.4443,2,0,B738,PK-GFP,1670000000,GIA172,GIA,4,36,0
93765,12/22/2022 9:06,0.4545,101.4443,2,0,B738,PK-GFP,1670000000,GIA172,GIA,5,36,0
80217,12/10/2022 8:57,0.4561,101.4444,2,0,B738,PK-GFR,1670000000,GIA172,GIA,4,36,1
86595,12/16/2022 9:13,0.4572,101.4444,2,0,B738,PK-GFR,1670000000,GIA172,GIA,8,36,1
10517,10/6/2022 16:58,0.4537,101.4443,2,0,B738,PK-GFS,1670000000,GIA176,GIA,5,36,0
56410,11/18/2022 9:08,0.4554,101.4444,1,0,B738,PK-GFS,1670000000,GIA172,GIA,3,36,0
57237,11/21/2022 16:37,0.4559,101.4444,2,0,B738,PK-GFU,1670000000,GIA178,GIA,7,36,1
36374,10/28/2022 9:11,0.455,101.4443,1,0,B738,PK-GFV,1670000000,GIA172,GIA,9,36,0
57699,11/22/2022 8:59,0.4587,101.4444,2,0,B738,PK-GFV,1670000000,GIA172,GIA,9,36,1
49547,11/11/2022 9:43,0.4555,101.4443,2,0,B738,PK-GFX,1670000000,GIA172,GIA,6,36,0
79926,12/9/2022 16:54,0.4532,101.4443,1,0,B738,PK-GFX,1670000000,GIA176,GIA,6,36,0
60398,11/23/2022 14:59,0.4549,101.4444,2,0,AT76,PK-GJQ,1670000000,CTV928,CTV,8,36,0
64943,11/28/2022 15:14,0.4545,101.4443,2,0,AT76,PK-GJQ,1670000000,CTV1926,CTV,5,36,0
70554,12/2/2022 15:18,0.4561,101.4444,2,0,AT76,PK-GJQ,1670000000,CTV1926,CTV,5,36,1
73105,12/4/2022 15:01,0.4644,101.4446,182,0,AT76,PK-GJQ,1670000000,CTV1926,CTV,6,18,0
73957,12/5/2022 15:12,0.4555,101.4444,2,0,AT76,PK-GJQ,1670000000,CTV1926,CTV,6,36,0
77092,12/7/2022 15:25,0.4571,101.4444,2,0,AT76,PK-GJQ,1670000000,CTV1926,CTV,9,36,1
79630,12/9/2022 15:12,0.4558,101.4444,2,0,AT76,PK-GJQ,1670000000,CTV1926,CTV,4,36,1
81810,12/11/2022 15:18,0.4545,101.4443,1,0,AT76,PK-GJQ,1670000000,CTV1926,CTV,3,36,0
82689,12/12/2022 15:02,0.4548,101.4443,2,0,AT76,PK-GJQ,1670000000,CTV1926,CTV,4,36,0
87075,12/16/2022 15:02,0.4627,101.4446,182,0,AT76,PK-GJQ,1670000000,CTV1926,CTV,8,18,1
89529,12/18/2022 15:11,0.4575,101.4444,2,0,AT76,PK-GJQ,1670000000,CTV1926,CTV,9,36,1
96191,12/23/2022 15:05,0.4545,101.4443,2,0,AT76,PK-GJQ,1670000000,CTV1926,CTV,6,36,0
7827,10/3/2022 14:54,0.4534,101.4443,3,0,AT76,PK-GJT,1660000000,CTV928,CTV,4,36,0
12247,10/7/2022 15:14,0.4634,101.4446,180,0,AT76,PK-GJT,1670000000,CTV928,CTV,9,18,0
13993,10/9/2022 15:14,0.4548,101.4444,1,0,AT76,PK-GJT,1670000000,CTV928,CTV,6,36,0
15086,10/10/2022 15:08,0.4536,101.4443,1,0,AT76,PK-GJT,1670000000,CTV928,CTV,8,36,0
23591,10/17/2022 15:11,0.4581,101.4444,2,0,AT76,PK-GJT,1670000000,CTV928,CTV,6,36,1
32669,10/23/2022 14:59,0.4533,101.4443,1,0,AT76,PK-GJT,1670000000,CTV928,CTV,4,36,0
34457,10/26/2022 14:59,0.453,101.4443,1,0,AT76,PK-GJT,1670000000,CTV928,CTV,5,36,0
36691,10/28/2022 14:56,0.4537,101.4443,1,0,AT76,PK-GJT,1670000000,CTV928,CTV,4,36,0
39076,11/2/2022 15:08,0.4553,101.4444,2,0,AT76,PK-GJT,1670000000,CTV928,CTV,6,36,0
41650,11/4/2022 15:36,0.4644,101.4446,180,0,AT76,PK-GJT,1670000000,CTV928,CTV,5,18,0
46857,11/9/2022 15:05,0.4556,101.4444,2,0,AT76,PK-GJT,1670000000,CTV928,CTV,6,36,0
49931,11/11/2022 15:16,0.4562,101.4444,1,0,AT76,PK-GJT,1670000000,CTV928,CTV,6,36,1
53675,11/14/2022 14:58,0.4557,101.4444,3,0,AT76,PK-GJT,1670000000,CTV928,CTV,8,36,0
54143,11/14/2022 18:37,0.4647,101.4445,180,0,A320,PK-GLI,1670000000,CTV938,CTV,4,18,0
1576,9/28/2022 7:24,0.4634,101.4446,182,0,A320,PK-GLK,1660000000,CTV936,CTV,6,18,0
56280,11/18/2022 8:20,0.4536,101.4443,2,0,A320,PK-GLK,1670000000,CTV934,CTV,5,36,0
67308,11/30/2022 8:33,0.455,101.4443,2,0,A320,PK-GLK,1670000000,CTV934,CTV,4,36,0
68736,12/1/2022 12:07,0.4535,101.4443,2,0,A320,PK-GLK,1670000000,CTV934,CTV,5,36,0
71253,12/3/2022 12:05,0.4561,101.4444,2,0,A320,PK-GLK,1670000000,CTV934,CTV,9,36,1
95038,12/22/2022 19:41,0.451,101.4443,2,0,A320,PK-GLK,1670000000,CTV938,CTV,6,36,0
81968,12/11/2022 19:25,0.452,101.4443,2,0,A320,PK-GLL,1670000000,CTV938,CTV,6,36,0
86327,12/16/2022 8:21,0.4543,101.4443,2,0,A320,PK-GLL,1670000000,CTV934,CTV,8,36,0
88422,12/17/2022 12:19,0.4562,101.4444,1,0,A320,PK-GLL,1670000000,CTV934,CTV,9,36,1
90524,12/20/2022 8:34,0.4539,101.4443,1,0,A320,PK-GLL,1670000000,CTV934,CTV,7,36,0
91946,12/21/2022 8:25,0.4519,101.4443,2,0,A320,PK-GLL,1670000000,CTV934,CTV,5,36,0
46102,11/9/2022 7:37,0.4527,101.4443,2,0,A320,PK-GLM,1670000000,CTV936,CTV,3,36,0
46552,11/9/2022 13:19,0.4517,101.4443,2,0,A320,PK-GLM,1670000000,CTV783,CTV,8,36,0
48972,11/10/2022 18:07,0.4528,101.4443,1,0,A320,PK-GLM,1670000000,CTV938,CTV,6,36,0
54662,11/16/2022 18:04,0.4569,101.4444,1,0,A320,PK-GLM,1670000000,CTV938,CTV,8,36,1
84341,12/13/2022 19:02,0.4529,101.4443,2,0,A320,PK-GLM,1670000000,CTV938,CTV,4,36,0
90114,12/19/2022 19:07,0.4559,101.4444,2,0,A320,PK-GLM,1670000000,CTV938,CTV,6,36,1
42157,11/4/2022 18:08,0.4519,101.4443,2,0,A320,PK-GLN,1670000000,CTV938,CTV,5,36,0
44204,11/6/2022 18:49,0.455,101.4444,1,0,A320,PK-GLN,1670000000,CTV938,CTV,6,36,0
89907,12/18/2022 18:06,0.4519,101.4443,2,0,A320,PK-GLN,1670000000,CTV938,CTV,6,36,0
33693,10/26/2022 7:36,0.4566,101.4444,2,0,A320,PK-GLO,1670000000,CTV936,CTV,9,36,1
34192,10/26/2022 13:05,0.452,101.4442,2,0,A320,PK-GLO,1670000000,CTV783,CTV,5,36,0
55422,11/17/2022 17:56,0.4523,101.4443,2,0,A320,PK-GLO,1670000000,CTV938,CTV,6,36,0
70292,12/2/2022 13:05,0.4561,101.4444,2,0,A320,PK-GLO,1670000000,CTV783,CTV,9,36,1
76733,12/7/2022 13:33,0.4545,101.4444,2,0,A320,PK-GLO,1670000000,CTV783,CTV,6,36,0
77831,12/8/2022 7:45,0.4533,101.4443,2,0,A320,PK-GLO,1670000000,CTV936,CTV,9,36,0
78203,12/8/2022 14:37,0.4637,101.4446,182,0,A320,PK-GLO,1670000000,CTV783,CTV,5,18,0
96574,12/23/2022 18:21,0.4512,101.4443,2,0,A320,PK-GLO,1670000000,CTV938,CTV,6,36,0
36925,10/28/2022 17:41,0.452,101.4443,2,0,A320,PK-GLP,1670000000,CTV938,CTV,4,36,0
12007,10/7/2022 13:26,0.4649,101.4446,182,0,A320,PK-GLQ,1670000000,CTV783,CTV,6,18,0
13478,10/8/2022 7:40,0.4535,101.4443,2,0,A320,PK-GLQ,1670000000,CTV936,CTV,3,36,0
13856,10/9/2022 13:13,0.454,101.4443,2,0,A320,PK-GLQ,1670000000,CTV783,CTV,8,36,0
31204,10/22/2022 7:39,0.4532,101.4443,2,0,A320,PK-GLQ,1670000000,CTV936,CTV,4,36,0
40892,11/4/2022 8:31,0.4513,101.4442,2,0,A320,PK-GLQ,1670000000,CTV934,CTV,6,36,0
93622,12/22/2022 7:49,0.452,101.4443,2,0,A320,PK-GLQ,1670000000,CTV936,CTV,6,36,0
94182,12/22/2022 13:29,0.4553,101.4444,2,0,A320,PK-GLQ,1670000000,CTV783,CTV,7,36,0
36530,10/28/2022 12:58,0.4556,101.4444,1,0,A320,PK-GLR,1670000000,CTV783,CTV,6,36,0
50558,11/11/2022 18:24,0.456,101.4444,2,0,A320,PK-GLR,1670000000,CTV938,CTV,8,36,1
80559,12/10/2022 13:21,0.4548,101.4444,2,0,A320,PK-GLR,1670000000,CTV783,CTV,9,36,0
22035,10/15/2022 18:02,0.4527,101.4443,1,0,A320,PK-GLS,1670000000,CTV938,CTV,5,36,0
61051,11/23/2022 18:46,0.4513,101.4443,2,0,A320,PK-GLS,1670000000,CTV938,CTV,7,36,0
84885,12/14/2022 18:00,0.4541,101.4443,2,0,A320,PK-GLS,1670000000,CTV938,CTV,5,36,0
25564,10/18/2022 18:04,0.4657,101.4447,182,0,A320,PK-GLT,1670000000,CTV938,CTV,5,18,0
84770,12/14/2022 7:49,0.4557,101.4443,2,0,A320,PK-GLU,1670000000,CTV936,CTV,4,36,0
64021,11/25/2022 18:39,0.4537,101.4443,1,0,A320,PK-GLW,1670000000,CTV938,CTV,9,36,0
14406,10/10/2022 7:46,0.4551,101.4443,2,0,A320,PK-GLX,1670000000,CTV936,CTV,8,36,0
14904,10/10/2022 13:15,0.452,101.4442,1,0,A320,PK-GLX,1670000000,CTV783,CTV,4,36,0
44884,11/8/2022 7:42,0.4533,101.4443,2,0,A320,PK-GLX,1670000000,CTV936,CTV,9,36,0
40459,11/3/2022 17:33,0.4549,101.4444,2,0,A320,PK-GLY,1670000000,CTV938,CTV,5,36,0
88835,12/17/2022 13:26,0.4535,101.4443,2,0,A320,PK-GLY,1670000000,CTV783,CTV,5,36,0
44636,11/7/2022 17:50,0.4556,101.4444,2,0,A320,PK-GLZ,1670000000,CTV938,CTV,9,36,0
69571,12/1/2022 18:27,0.4556,101.4444,1,0,A320,PK-GLZ,1670000000,CTV938,CTV,8,36,0
10286,10/5/2022 9:06,0.4542,101.4443,2,0,B738,PK-GMD,1660000000,GIA172,GIA,5,36,0
43342,11/5/2022 16:47,0.4552,101.4444,2,0,B738,PK-GMD,1670000000,GIA176,GIA,8,36,0
50326,11/11/2022 16:55,0.4522,101.4443,2,0,B738,PK-GMD,1670000000,GIA176,GIA,8,36,0
4882,9/30/2022 9:16,0.4573,101.4444,1,0,B738,PK-GMI,1660000000,GIA172,GIA,4,36,1
25957,10/19/2022 8:58,0.4518,101.4442,2,0,B738,PK-GMI,1670000000,GIA172,GIA,7,36,0
31354,10/22/2022 9:03,0.4641,101.4446,182,0,B738,PK-GMI,1670000000,GIA172,GIA,4,18,0
66071,11/29/2022 9:13,0.4618,101.4445,180,0,B738,PK-GMI,1670000000,GIA172,GIA,6,18,1
70721,12/2/2022 16:56,0.4539,101.4443,1,0,B738,PK-GMI,1670000000,GIA176,GIA,9,36,0
11777,10/7/2022 9:18,0.4647,101.4446,180,0,B738,PK-GMU,1670000000,GIA172,GIA,3,18,0
18484,10/13/2022 17:06,0.4536,101.4443,2,0,B738,PK-GMU,1670000000,GIA176,GIA,4,36,0
26988,10/19/2022 17:06,0.455,101.4444,2,0,B738,PK-GMV,1670000000,GIA176,GIA,3,36,0
30637,10/21/2022 16:54,0.4531,101.4443,2,0,B738,PK-GMV,1670000000,GIA176,GIA,5,36,0
38160,10/29/2022 16:53,0.4529,101.4443,2,0,B738,PK-GMV,1670000000,GIA176,GIA,8,36,0
71142,12/3/2022 9:08,0.4534,101.4443,2,0,B738,PK-GMV,1670000000,GIA172,GIA,5,36,0
762,9/27/2022 8:54,0.4562,101.4444,2,0,B738,PK-GMW,1660000000,GIA172,GIA,7,36,1
2826,9/28/2022 16:51,0.4564,101.4444,2,0,B738,PK-GMW,1660000000,GIA176,GIA,6,36,1
9574,10/4/2022 16:42,0.4556,101.4444,2,0,B738,PK-GMW,1660000000,GIA176,GIA,9,36,0
13754,10/8/2022 9:07,0.4659,101.4446,182,0,B738,PK-GMW,1670000000,GIA172,GIA,6,18,0
32778,10/23/2022 16:52,0.4547,101.4444,1,0,B738,PK-GMW,1670000000,GIA176,GIA,9,36,0
39160,11/2/2022 16:38,0.453,101.4443,2,0,B738,PK-GMW,1670000000,GIA176,GIA,4,36,0
60789,11/23/2022 16:40,0.4554,101.4444,1,0,B738,PK-GMW,1670000000,GIA176,GIA,4,36,0
73155,12/5/2022 9:04,0.4547,101.4444,2,0,B738,PK-GMW,1670000000,GIA172,GIA,5,36,0
8982,10/4/2022 9:10,0.4572,101.4444,1,0,B738,PK-GMX,1660000000,GIA172,GIA,9,36,1
5488,9/30/2022 16:59,0.4557,101.4444,2,0,B738,PK-GMY,1660000000,GIA176,GIA,5,36,0
12494,10/7/2022 17:03,0.4535,101.4443,2,0,B738,PK-GMY,1670000000,GIA176,GIA,6,36,0
28767,10/20/2022 16:51,0.4632,101.4446,182,0,B738,PK-GMY,1670000000,GIA176,GIA,9,18,0
37552,10/29/2022 8:53,0.4516,101.4442,1,0,B738,PK-GMY,1670000000,GIA172,GIA,6,36,0
41996,11/4/2022 16:47,0.4647,101.4446,180,0,B738,PK-GMY,1670000000,GIA176,GIA,4,18,0
78846,12/9/2022 9:04,0.4556,101.4444,2,0,B738,PK-GMY,1670000000,GIA172,GIA,8,36,0
82917,12/12/2022 16:42,0.4551,101.4444,2,0,B738,PK-GMY,1670000000,GIA178,GIA,5,36,0
17187,10/12/2022 17:14,0.4559,101.4444,1,0,B738,PK-GNC,1670000000,GIA176,GIA,5,36,1
25302,10/18/2022 16:44,0.4533,101.4443,2,0,B738,PK-GNE,1670000000,GIA176,GIA,5,36,0
95660,12/23/2022 9:13,0.4537,101.4443,2,0,B738,PK-GNF,1670000000,GIA172,GIA,7,36,0
42565,11/5/2022 8:53,0.4571,101.4444,2,0,B738,PK-GNG,1670000000,GIA172,GIA,4,36,1
52711,11/13/2022 17:31,0.4541,101.4443,1,0,B738,PK-GNG,1670000000,GIA176,GIA,6,36,0
19993,10/14/2022 16:59,0.4569,101.4444,2,0,B738,PK-GNM,1670000000,GIA176,GIA,9,36,1
35044,10/26/2022 17:43,0.4543,101.4444,2,0,B738,PK-GNM,1670000000,GIA176,GIA,5,36,0
70022,12/2/2022 9:11,0.4513,101.4443,2,0,B738,PK-GNM,1670000000,GIA172,GIA,5,36,0
91423,12/20/2022 16:39,0.4519,101.4443,2,0,B738,PK-GNM,1670000000,GIA178,GIA,4,36,0
47094,11/9/2022 16:33,0.4521,101.4443,2,0,B738,PK-GNR,1670000000,GIA176,GIA,4,36,0
72793,12/4/2022 8:44,0.4532,101.4443,2,0,B738,PK-GNR,1670000000,GIA172,GIA,6,36,0
1768,9/28/2022 8:15,0.4661,101.4447,182,0,A320,PK-GQA,1660000000,CTV934,CTV,6,18,0
8797,10/4/2022 8:27,0.4523,101.4443,2,0,A320,PK-GQA,1660000000,CTV934,CTV,8,36,0
86066,12/15/2022 18:11,0.452,101.4443,2,0,A320,PK-GQA,1670000000,CTV938,CTV,9,36,0
4766,9/30/2022 7:35,0.4544,101.4443,2,0,A320,PK-GQC,1660000000,CTV936,CTV,9,36,0
5151,9/30/2022 12:57,0.454,101.4443,2,0,A320,PK-GQC,1660000000,CTV783,CTV,5,36,0
24059,10/17/2022 18:03,0.4564,101.4444,2,0,A320,PK-GQC,1670000000,CTV938,CTV,9,36,1
9845,10/4/2022 18:55,0.4505,101.4442,2,0,A320,PK-GQD,1660000000,CTV938,CTV,6,36,0
27671,10/20/2022 7:46,0.4644,101.4446,182,0,A320,PK-GQD,1670000000,CTV936,CTV,7,18,0
28228,10/20/2022 13:30,0.4629,101.4446,180,0,A320,PK-GQD,1670000000,CTV783,CTV,9,18,0
37213,10/29/2022 7:27,0.4545,101.4443,2,0,A320,PK-GQD,1670000000,CTV936,CTV,9,36,0
37709,10/29/2022 13:15,0.4543,101.4443,2,0,A320,PK-GQD,1670000000,CTV783,CTV,4,36,0
8604,10/3/2022 18:04,0.4532,101.4443,2,0,A320,PK-GQE,1660000000,CTV938,CTV,4,36,0
59758,11/23/2022 8:21,0.4538,101.4443,1,0,A320,PK-GQE,1670000000,CTV934,CTV,6,36,0
63039,11/25/2022 8:28,0.4554,101.4444,2,0,A320,PK-GQE,1670000000,CTV934,CTV,8,36,0
65727,11/29/2022 8:28,0.4627,101.4446,180,0,A320,PK-GQE,1670000000,CTV934,CTV,9,18,1
76065,12/6/2022 19:08,0.4551,101.4444,2,0,A320,PK-GQE,1670000000,CTV938,CTV,6,36,0
91777,12/20/2022 18:29,0.4532,101.4443,2,0,A320,PK-GQE,1670000000,CTV938,CTV,6,36,0
514,9/27/2022 7:28,0.454,101.4443,1,0,A320,PK-GQF,1660000000,CTV936,CTV,5,36,0
1200,9/27/2022 12:56,0.4619,101.4445,180,0,A320,PK-GQF,1660000000,CTV783,CTV,8,18,1
8737,10/4/2022 8:08,0.453,101.4443,2,0,A320,PK-GQF,1660000000,CTV936,CTV,5,36,0
9096,10/4/2022 13:46,0.4523,101.4443,2,0,A320,PK-GQF,1660000000,CTV783,CTV,9,36,0
12978,10/7/2022 17:42,0.4519,101.4443,2,0,A320,PK-GQF,1670000000,CTV938,CTV,7,36,0
84830,12/14/2022 8:23,0.4521,101.4443,2,0,A320,PK-GQF,1670000000,CTV934,CTV,5,36,0
85622,12/15/2022 12:13,0.4523,101.4443,2,0,A320,PK-GQF,1670000000,CTV934,CTV,9,36,0
581,9/27/2022 8:23,0.4551,101.4443,2,0,A320,PK-GQG,1660000000,CTV934,CTV,8,36,0
94011,12/22/2022 12:12,0.4519,101.4443,2,0,A320,PK-GQG,1670000000,CTV934,CTV,6,36,0
6791,10/1/2022 18:17,0.4514,101.4443,2,0,A320,PK-GQH,1660000000,CTV938,CTV,4,36,0
33212,10/23/2022 17:48,0.4529,101.4443,2,0,A320,PK-GQH,1670000000,CTV938,CTV,6,36,0
81564,12/11/2022 13:09,0.4516,101.4443,1,0,A320,PK-GQH,1670000000,CTV783,CTV,5,36,0
6999,10/2/2022 7:38,0.4547,101.4443,2,0,A320,PK-GQJ,1660000000,CTV936,CTV,6,36,0
20303,10/14/2022 17:48,0.4539,101.4443,2,0,A320,PK-GQJ,1670000000,CTV938,CTV,5,36,0
47796,11/10/2022 7:49,0.4551,101.4444,2,0,A320,PK-GQJ,1670000000,CTV936,CTV,9,36,0
48252,11/10/2022 13:18,0.4556,101.4444,2,0,A320,PK-GQJ,1670000000,CTV783,CTV,8,36,0
4467,9/29/2022 18:03,0.4656,101.4446,182,0,A320,PK-GQK,1660000000,CTV938,CTV,9,18,0
29340,10/21/2022 8:25,0.4519,101.4443,2,0,A320,PK-GQK,1670000000,CTV934,CTV,5,36,0
47477,11/9/2022 19:39,0.4545,101.4443,1,0,A320,PK-GQK,1670000000,CTV938,CTV,6,36,0
70793,12/2/2022 18:04,0.4539,101.4443,2,0,A320,PK-GQK,1670000000,CTV938,CTV,5,36,0
67637,11/30/2022 13:22,0.4542,101.4443,2,0,A320,PK-GQM,1670000000,CTV783,CTV,4,36,0
6070,10/1/2022 7:36,0.4535,101.4443,2,0,A320,PK-GQN,1660000000,CTV936,CTV,6,36,0
6435,10/1/2022 13:04,0.4547,101.4443,2,0,A320,PK-GQN,1660000000,CTV783,CTV,3,36,0
77516,12/7/2022 18:15,0.4531,101.4443,2,0,A320,PK-GQN,1670000000,CTV938,CTV,5,36,0
81247,12/10/2022 21:03,0.4545,101.4443,2,0,A320,PK-GQN,1670000000,CTV938,CTV,4,36,0
93278,12/21/2022 19:46,0.4552,101.4444,2,0,A320,PK-GQN,1670000000,CTV938,CTV,4,36,0
17338,10/12/2022 19:10,0.4545,101.4443,1,0,A320,PK-GQO,1670000000,CTV938,CTV,4,36,0
22265,10/16/2022 7:35,0.4544,101.4443,2,0,A320,PK-GQO,1670000000,CTV936,CTV,2,36,0
35382,10/27/2022 13:12,0.4557,101.4444,2,0,A320,PK-GQO,1670000000,CTV783,CTV,8,36,0
42459,11/5/2022 7:53,0.4649,101.4446,182,0,A320,PK-GQO,1670000000,CTV936,CTV,6,18,0
54838,11/17/2022 13:34,0.4537,101.4443,2,0,A320,PK-GQO,1670000000,CTV783,CTV,8,36,0
68340,11/30/2022 18:55,0.4564,101.4444,1,0,A320,PK-GQO,1670000000,CTV938,CTV,5,36,1
72554,12/4/2022 7:56,0.453,101.4443,2,0,A320,PK-GQO,1670000000,CTV936,CTV,5,36,0
73545,12/5/2022 12:27,0.4601,101.4445,182,0,A320,PK-GQO,1670000000,CTV934,CTV,8,18,1
74947,12/6/2022 8:42,0.4533,101.4443,2,0,A320,PK-GQO,1670000000,CTV934,CTV,4,36,0
76485,12/7/2022 8:24,0.4522,101.4443,2,0,A320,PK-GQO,1670000000,CTV934,CTV,6,36,0
15591,10/11/2022 7:43,0.4522,101.4443,2,0,A320,PK-GQQ,1670000000,CTV936,CTV,5,36,0
16227,10/11/2022 13:18,0.4543,101.4443,2,0,A320,PK-GQQ,1670000000,CTV783,CTV,5,36,0
30769,10/21/2022 18:09,0.452,101.4443,4,0,A320,PK-GQS,1670000000,CTV938,CTV,4,36,0
53440,11/14/2022 13:13,0.4545,101.4443,2,0,A320,PK-GQS,1670000000,CTV783,CTV,7,36,0
61311,11/24/2022 7:41,0.4536,101.4443,2,0,A320,PK-GQS,1670000000,CTV936,CTV,6,36,0
61694,11/24/2022 13:12,0.451,101.4442,2,0,A320,PK-GQS,1670000000,CTV783,CTV,2,36,0
71375,12/3/2022 13:21,0.454,101.4443,2,0,A320,PK-GQS,1670000000,CTV783,CTV,4,36,0
72616,12/4/2022 8:29,0.4554,101.4443,2,0,A320,PK-GQS,1670000000,CTV934,CTV,9,36,0
85220,12/15/2022 7:39,0.4525,101.4443,2,0,A320,PK-GQS,1670000000,CTV936,CTV,8,36,0
85660,12/15/2022 13:03,0.4541,101.4443,2,0,A320,PK-GQS,1670000000,CTV783,CTV,9,36,0
87774,12/16/2022 18:16,0.4544,101.4443,2,0,A320,PK-GQS,1670000000,CTV938,CTV,8,36,0
25863,10/19/2022 8:16,0.4567,101.4444,2,0,A320,PK-GQT,1670000000,CTV934,CTV,8,36,1
45447,11/8/2022 8:43,0.4571,101.4444,1,0,A320,PK-GQT,1670000000,CTV934,CTV,8,36,1
46169,11/9/2022 8:28,0.4549,101.4443,2,0,A320,PK-GQT,1670000000,CTV934,CTV,4,36,0
49392,11/11/2022 7:45,0.4535,101.4443,2,0,A320,PK-GQT,1670000000,CTV936,CTV,7,36,0
51900,11/12/2022 13:17,0.4524,101.4443,2,0,A320,PK-GQT,1670000000,CTV783,CTV,5,36,0
17525,10/13/2022 7:38,0.4552,101.4443,2,0,A320,PK-GQU,1670000000,CTV936,CTV,6,36,0
17993,10/13/2022 13:08,0.4532,101.4443,2,0,A320,PK-GQU,1670000000,CTV783,CTV,5,36,0
23374,10/17/2022 13:13,0.453,101.4443,2,0,A320,PK-GQU,1670000000,CTV783,CTV,4,36,0
36237,10/28/2022 8:30,0.4545,101.4443,2,0,A320,PK-GQU,1670000000,CTV934,CTV,9,36,0
57544,11/22/2022 7:37,0.4528,101.4443,2,0,A320,PK-GQU,1670000000,CTV936,CTV,9,36,0
58053,11/22/2022 13:11,0.454,101.4443,2,0,A320,PK-GQU,1670000000,CTV783,CTV,8,36,0
65652,11/29/2022 7:51,0.4513,101.4442,2,0,A320,PK-GQU,1670000000,CTV936,CTV,9,36,0
66428,11/29/2022 13:20,0.4536,101.4443,2,0,A320,PK-GQU,1670000000,CTV783,CTV,4,36,0
62951,11/25/2022 8:00,0.465,101.4446,182,0,A20N,PK-GTD,1670000000,CTV936,CTV,6,18,0
63339,11/25/2022 13:22,0.4511,101.4443,2,0,A20N,PK-GTD,1670000000,CTV783,CTV,9,36,0
74861,12/6/2022 7:40,0.4521,101.4442,1,0,A20N,PK-GTD,1670000000,CTV936,CTV,5,36,0
75335,12/6/2022 13:24,0.4621,101.4445,180,0,A20N,PK-GTD,1670000000,CTV783,CTV,9,18,1
82468,12/12/2022 13:12,0.4513,101.4443,2,0,A20N,PK-GTD,1670000000,CTV783,CTV,9,36,0
91202,12/20/2022 15:52,0.4655,101.4446,182,0,A20N,PK-GTD,1670000000,CTV533,CTV,6,18,0
94529,12/22/2022 16:04,0.453,101.4443,1,0,A20N,PK-GTD,1670000000,CTV533,CTV,7,36,0
90403,12/20/2022 7:46,0.4513,101.4442,2,0,A20N,PK-GTE,1670000000,CTV936,CTV,4,36,0
59737,11/23/2022 7:35,0.4533,101.4443,2,0,A20N,PK-GTG,1670000000,CTV936,CTV,6,36,0
60234,11/23/2022 13:03,0.4532,101.4443,1,0,A20N,PK-GTG,1670000000,CTV783,CTV,4,36,0
29267,10/21/2022 7:36,0.4512,101.4443,2,0,A20N,PK-GTH,1670000000,CTV936,CTV,5,36,0
30304,10/21/2022 15:48,0.4614,101.4445,182,0,A20N,PK-GTH,1670000000,CTV783,CTV,9,18,1
21512,10/15/2022 13:07,0.4533,101.4443,2,0,A20N,PK-GTI,1670000000,CTV783,CTV,4,36,0
39637,11/3/2022 7:53,0.4519,101.4443,2,0,A20N,PK-GTI,1670000000,CTV936,CTV,3,36,0
39979,11/3/2022 13:25,0.4644,101.4446,182,0,A20N,PK-GTI,1670000000,CTV783,CTV,5,18,0
41406,11/4/2022 13:24,0.4658,101.4446,182,0,A20N,PK-GTI,1670000000,CTV783,CTV,5,18,0
7678,10/3/2022 13:07,0.4572,101.4444,2,0,A20N,PK-GTK,1660000000,CTV783,CTV,5,36,1
49415,11/11/2022 8:19,0.4573,101.4444,2,0,A20N,PK-GTK,1670000000,CTV934,CTV,6,36,1
78630,12/9/2022 7:35,0.4584,101.4444,2,0,A20N,PK-GTK,1670000000,CTV936,CTV,6,36,1
79231,12/9/2022 13:03,0.456,101.4444,2,0,A20N,PK-GTK,1670000000,CTV783,CTV,5,36,1
86874,12/16/2022 13:18,0.4593,101.4445,2,0,A20N,PK-GTK,1670000000,CTV783,CTV,5,36,1
95947,12/23/2022 13:38,0.4587,101.4445,2,0,A20N,PK-GTK,1670000000,CTV783,CTV,6,36,1
15518,10/10/2022 20:25,0.4599,101.4445,2,0,A320,PK-LAF,1670000000,BTK7065,BTK,5,36,1
70953,12/2/2022 20:16,0.4585,101.4445,1,0,A320,PK-LAF,1670000000,BTK7065,BTK,5,36,1
47550,11/9/2022 20:03,0.4607,101.4445,2,0,A320,PK-LAI,1670000000,BTK7065,BTK,7,36,1
88106,12/16/2022 20:53,0.4585,101.4445,2,0,A320,PK-LAI,1670000000,BTK7065,BTK,9,36,1
697,9/27/2022 8:42,0.4596,101.4445,2,0,A320,PK-LAL,1660000000,BTK8856,BTK,6,36,1
4619,9/29/2022 20:20,0.4581,101.4444,2,0,A320,PK-LAL,1660000000,BTK6850,BTK,5,36,1
25794,10/19/2022 7:42,0.4595,101.4445,2,0,A320,PK-LAM,1670000000,BTK8856,BTK,9,36,1
51009,11/11/2022 20:06,0.4592,101.4445,2,0,A320,PK-LAM,1670000000,BTK7065,BTK,9,36,1
7352,10/3/2022 8:29,0.4605,101.4445,2,0,A320,PK-LAO,1660000000,BTK8856,BTK,6,36,1
16085,10/11/2022 11:55,0.459,101.4445,2,0,A320,PK-LAO,1670000000,BTK6852,BTK,8,36,1
16552,10/11/2022 17:32,0.4595,101.4445,2,0,A320,PK-LAO,1670000000,BTK6848,BTK,5,36,1
22180,10/15/2022 20:05,0.4608,101.4445,1,0,A320,PK-LAO,1670000000,BTK7065,BTK,8,36,1
77684,12/7/2022 21:04,0.4609,101.4445,2,0,A320,PK-LAO,1670000000,BTK7065,BTK,5,36,1
22987,10/17/2022 8:30,0.4608,101.4445,2,0,A320,PK-LAQ,1670000000,BTK8856,BTK,8,36,1
28873,10/20/2022 17:03,0.461,101.4445,2,0,A320,PK-LAQ,1670000000,BTK6848,BTK,5,36,1
65586,11/29/2022 7:01,0.4598,101.4445,2,0,A320,PK-LAT,1670000000,BTK6850,BTK,6,36,1
29824,10/21/2022 14:01,0.4594,101.4445,182,0,A320,PK-LAZ,1670000000,BTK6852,BTK,5,18,1
33283,10/23/2022 18:03,0.4594,101.4445,1,0,A320,PK-LAZ,1670000000,BTK6848,BTK,6,36,1
54616,11/16/2022 17:55,0.4555,101.4444,2,0,B738,PK-LBK,1670000000,BTK6848,BTK,5,36,0
60469,11/23/2022 15:06,0.4536,101.4443,2,0,B738,PK-LBK,1670000000,BTK6854,BTK,8,36,0
5911,10/1/2022 7:02,0.4537,101.4443,2,0,B738,PK-LBS,1660000000,BTK6856,BTK,8,36,0
6214,10/1/2022 11:52,0.4535,101.4443,1,0,B738,PK-LBS,1660000000,BTK6852,BTK,4,36,0
6660,10/1/2022 16:57,0.4517,101.4443,2,0,B738,PK-LBS,1660000000,BTK6848,BTK,6,36,0
10359,10/6/2022 16:01,0.4544,101.4443,2,0,B738,PK-LBS,1670000000,BTK6854,BTK,3,36,0
26794,10/19/2022 15:12,0.4544,101.4443,1,0,B738,PK-LBS,1670000000,BTK6854,BTK,6,36,0
38019,10/29/2022 14:33,0.4532,101.4443,2,0,B738,PK-LBS,1670000000,BTK6854,BTK,8,36,0
53760,11/14/2022 15:09,0.4563,101.4444,2,0,B738,PK-LBS,1670000000,BTK6854,BTK,5,36,1
62552,11/24/2022 17:05,0.4581,101.4444,2,0,B738,PK-LBS,1670000000,BTK6848,BTK,9,36,1
64877,11/28/2022 15:10,0.4546,101.4443,2,0,B738,PK-LBS,1670000000,BTK6854,BTK,7,36,0
91656,12/20/2022 18:07,0.4546,101.4443,2,0,B738,PK-LBS,1670000000,BTK6848,BTK,7,36,0
27368,10/19/2022 18:46,0.4539,101.4443,2,0,B738,PK-LBW,1670000000,BTK6848,BTK,8,36,0
45903,11/8/2022 15:22,0.454,101.4443,1,0,B738,PK-LBW,1670000000,BTK6854,BTK,9,36,0
47174,11/9/2022 16:56,0.4531,101.4443,2,0,B738,PK-LBW,1670000000,BTK6854,BTK,8,36,0
89396,12/17/2022 17:29,0.4568,101.4444,2,0,B738,PK-LBW,1670000000,BTK6848,BTK,9,36,1
94741,12/22/2022 17:57,0.4518,101.4443,2,0,B738,PK-LBW,1670000000,BTK6848,BTK,5,36,0
3995,9/29/2022 14:43,0.4548,101.4443,2,0,B738,PK-LDH,1660000000,BTK6854,BTK,6,36,0
19083,10/14/2022 8:30,0.4542,101.4443,2,0,B738,PK-LDH,1670000000,BTK8856,BTK,8,36,0
21167,10/15/2022 8:48,0.4548,101.4443,1,0,B738,PK-LDH,1670000000,BTK8856,BTK,6,36,0
32042,10/22/2022 17:30,0.4533,101.4443,1,0,B738,PK-LDH,1670000000,BTK6848,BTK,5,36,0
44513,11/7/2022 16:46,0.4547,101.4443,1,0,B738,PK-LDH,1670000000,BTK6848,BTK,4,36,0
48568,11/10/2022 15:58,0.4558,101.4444,1,0,B738,PK-LDH,1670000000,BTK6854,BTK,8,36,1
2899,9/28/2022 16:57,0.4546,101.4444,2,0,B738,PK-LDI,1660000000,BTK6848,BTK,4,36,0
55288,11/17/2022 17:02,0.4542,101.4443,2,0,B738,PK-LDI,1670000000,BTK6848,BTK,8,36,0
89104,12/17/2022 15:27,0.4526,101.4443,2,0,B738,PK-LDI,1670000000,BTK6854,BTK,5,36,0
16926,10/12/2022 15:44,0.453,101.4443,2,0,B738,PK-LDJ,1670000000,BTK6854,BTK,4,36,0
19693,10/14/2022 15:16,0.4544,101.4443,1,0,B738,PK-LDJ,1670000000,BTK6854,BTK,8,36,0
23864,10/17/2022 17:17,0.4583,101.4445,2,0,B738,PK-LDJ,1670000000,BTK6848,BTK,8,36,1
44067,11/6/2022 16:27,0.4532,101.4443,2,0,B738,PK-LDJ,1670000000,BTK6854,BTK,4,36,0
48731,11/10/2022 17:07,0.453,101.4443,1,0,B738,PK-LDJ,1670000000,BTK6848,BTK,3,36,0
91119,12/20/2022 15:43,0.4631,101.4446,182,0,B738,PK-LDJ,1670000000,BTK6854,BTK,5,18,0
43195,11/5/2022 15:11,0.4546,101.4443,2,0,B738,PK-LDK,1670000000,BTK6854,BTK,6,36,0
28528,10/20/2022 15:40,0.4554,101.4444,1,0,B738,PK-LDL,1670000000,BTK6854,BTK,4,36,0
31627,10/22/2022 15:06,0.4553,101.4444,2,0,B738,PK-LDL,1670000000,BTK6852,BTK,6,36,0
84026,12/13/2022 15:05,0.4562,101.4444,1,0,B738,PK-LDL,1670000000,BTK6854,BTK,8,36,1
92582,12/21/2022 15:29,0.4525,101.4443,2,0,B738,PK-LDL,1670000000,BTK6854,BTK,4,36,0
84296,12/13/2022 17:03,0.4521,101.4443,2,0,B738,PK-LDM,1670000000,BTK6848,BTK,6,36,0
25015,10/18/2022 15:09,0.4551,101.4443,2,0,B738,PK-LDO,1670000000,BTK6854,BTK,4,36,0
73998,12/5/2022 15:29,0.453,101.4443,2,0,B738,PK-LDO,1670000000,BTK6854,BTK,8,36,0
4346,9/29/2022 17:23,0.4641,101.4446,182,0,B738,PK-LDP,1660000000,BTK6848,BTK,6,18,0
40189,11/3/2022 17:17,0.4557,101.4444,2,0,B738,PK-LDP,1670000000,BTK6848,BTK,3,36,0
63987,11/25/2022 18:10,0.453,101.4443,2,0,B738,PK-LDP,1670000000,BTK6848,BTK,2,36,0
4535,9/29/2022 20:01,0.4561,101.4444,2,0,B739,PK-LFG,1660000000,LNI5388,LNI,8,36,1
19151,10/14/2022 8:35,0.4535,101.4443,2,0,B739,PK-LFG,1670000000,LNI239,LNI,5,36,0
65990,11/29/2022 8:57,0.4662,101.4447,180,0,B739,PK-LFG,1670000000,LNI239,LNI,9,18,0
23716,10/17/2022 16:47,0.4536,101.4443,2,0,B739,PK-LFK,1670000000,LNI276,LNI,8,36,0
9922,10/4/2022 20:08,0.4642,101.4446,182,0,B739,PK-LFL,1660000000,LNI5388,LNI,6,18,0
50703,11/11/2022 18:33,0.4537,101.4443,2,0,B739,PK-LFL,1670000000,LNI292,LNI,4,36,0
72685,12/4/2022 8:33,0.4533,101.4443,2,0,B739,PK-LFL,1670000000,LNI239,LNI,3,36,0
22110,10/15/2022 19:47,0.4622,101.4446,2,0,B739,PK-LFO,1670000000,LNI5388,LNI,6,36,1
22671,10/16/2022 15:49,0.46,101.4445,2,0,B739,PK-LFO,1670000000,LNI276,LNI,8,36,1
32414,10/23/2022 11:41,0.46,101.4445,2,0,B739,PK-LFO,1670000000,LNI237,LNI,8,36,1
58273,11/22/2022 15:52,0.4613,101.4445,2,0,B739,PK-LFO,1670000000,LNI276,LNI,8,36,1
6855,10/1/2022 18:26,0.4538,101.4443,2,0,B739,PK-LFW,1660000000,LNI394,LNI,7,36,0
8533,10/3/2022 17:43,0.4555,101.4444,2,0,B739,PK-LFW,1660000000,LNI394,LNI,9,36,0
82531,12/12/2022 13:43,0.453,101.4443,2,0,B739,PK-LFW,1670000000,LNI290,LNI,7,36,0
3122,9/28/2022 19:42,0.4534,101.4443,2,0,B739,PK-LFY,1660000000,LNI5388,LNI,8,36,0
4128,9/29/2022 16:44,0.464,101.4446,180,0,B739,PK-LFY,1660000000,LNI276,LNI,8,18,0
25648,10/18/2022 19:25,0.4552,101.4444,2,0,B739,PK-LFY,1670000000,LNI5388,LNI,5,36,0
35140,10/26/2022 19:40,0.4546,101.4443,2,0,B739,PK-LFY,1670000000,LNI5388,LNI,6,36,0
35763,10/27/2022 16:03,0.4536,101.4443,2,0,B739,PK-LFY,1670000000,LNI276,LNI,4,36,0
37772,10/29/2022 13:52,0.4577,101.4444,1,0,B739,PK-LFY,1670000000,LNI290,LNI,9,36,1
85463,12/15/2022 9:22,0.4546,101.4443,2,0,B739,PK-LFY,1670000000,LNI239,LNI,5,36,0
29735,10/21/2022 13:52,0.4621,101.4445,182,0,B739,PK-LFZ,1670000000,,LNI,5,18,1
32186,10/22/2022 19:12,0.4548,101.4444,1,0,B739,PK-LFZ,1670000000,,LNI,9,36,0
32712,10/23/2022 16:37,0.452,101.4443,1,0,B739,PK-LFZ,1670000000,,LNI,6,36,0
40989,11/4/2022 8:45,0.4521,101.4442,1,0,B739,PK-LFZ,1670000000,,LNI,3,36,0
64698,11/28/2022 13:40,0.4551,101.4444,2,0,B739,PK-LFZ,1670000000,,LNI,7,36,0
74181,12/5/2022 15:58,0.4543,101.4443,1,0,B739,PK-LFZ,1670000000,,LNI,8,36,0
80150,12/10/2022 8:47,0.4525,101.4443,2,0,B739,PK-LFZ,1670000000,,LNI,5,36,0
82094,12/12/2022 8:38,0.4531,101.4443,1,0,B739,PK-LFZ,1670000000,,LNI,6,36,0
8475,10/3/2022 17:37,0.452,101.4443,2,0,B739,PK-LGK,1660000000,LNI140,LNI,6,36,0
87515,12/16/2022 17:49,0.4629,101.4446,182,0,B739,PK-LGK,1670000000,LNI394,LNI,6,18,0
52385,11/13/2022 11:40,0.452,101.4443,2,0,B739,PK-LGO,1670000000,LNI237,LNI,6,36,0
64384,11/26/2022 8:56,0.4525,101.4443,1,0,B739,PK-LGO,1670000000,LNI239,LNI,5,36,0
8914,10/4/2022 9:01,0.4549,101.4443,2,0,B739,PK-LGP,1660000000,LNI239,LNI,5,36,0
25921,10/19/2022 8:33,0.4527,101.4443,2,0,B739,PK-LGP,1670000000,LNI239,LNI,7,36,0
26072,10/19/2022 11:39,0.4641,101.4446,180,0,B739,PK-LGP,1670000000,LNI237,LNI,6,18,0
27846,10/20/2022 8:30,0.4641,101.4446,182,0,B739,PK-LGP,1670000000,LNI239,LNI,5,18,0
29552,10/21/2022 11:37,0.4644,101.4446,182,0,B739,PK-LGP,1670000000,LNI237,LNI,6,18,0
60061,11/23/2022 12:06,0.4535,101.4443,2,0,B739,PK-LGP,1670000000,LNI237,LNI,8,36,0
41728,11/4/2022 16:06,0.4663,101.4447,182,0,B739,PK-LGQ,1670000000,LNI276,LNI,4,18,0
95327,12/22/2022 21:41,0.4584,101.4445,2,0,B739,PK-LGQ,1670000000,LNI292,LNI,9,36,1
96690,12/23/2022 19:30,0.4537,101.4443,2,0,B739,PK-LGQ,1670000000,LNI292,LNI,6,36,0
13,9/26/2022 16:34,0.4661,101.4446,180,0,B739,PK-LGR,1660000000,LNI276,LNI,6,18,0
18938,10/14/2022 7:39,0.4532,101.4443,2,0,B739,PK-LGR,1670000000,LNI5388,LNI,8,36,0
33586,10/25/2022 16:35,0.4547,101.4444,1,0,B739,PK-LGR,1670000000,LNI276,LNI,6,36,0
34783,10/26/2022 16:58,0.4535,101.4443,1,0,B739,PK-LGR,1670000000,LNI5124,LNI,9,36,0
33144,10/23/2022 17:37,0.4538,101.4443,2,0,B739,PK-LGS,1670000000,LNI394,LNI,5,36,0
55493,11/17/2022 18:02,0.4565,101.4444,2,0,B739,PK-LGS,1670000000,LNI124,LNI,8,36,1
91554,12/20/2022 17:59,0.4557,101.4444,2,0,B739,PK-LGU,1670000000,LNI394,LNI,5,36,0
2983,9/28/2022 18:33,0.453,101.4443,2,0,B739,PK-LGV,1660000000,LNI292,LNI,5,36,0
18647,10/13/2022 17:41,0.4549,101.4443,2,0,B739,PK-LGV,1670000000,LNI124,LNI,5,36,0
21571,10/15/2022 13:30,0.4559,101.4444,2,0,B739,PK-LGV,1670000000,LNI290,LNI,9,36,1
25230,10/18/2022 15:53,0.4559,101.4444,2,0,B739,PK-LGV,1670000000,LNI276,LNI,8,36,1
26847,10/19/2022 15:53,0.4545,101.4443,2,0,B739,PK-LGV,1670000000,LNI276,LNI,6,36,0
31264,10/22/2022 8:32,0.4645,101.4446,182,0,B739,PK-LGV,1670000000,LNI239,LNI,5,18,0
31444,10/22/2022 11:42,0.4541,101.4443,2,0,B739,PK-LGV,1670000000,LNI237,LNI,9,36,0
10637,10/6/2022 18:28,0.4527,101.4443,1,0,B739,PK-LGY,1670000000,LNI394,LNI,6,36,0
21626,10/15/2022 13:38,0.4542,101.4443,2,0,B739,PK-LHH,1670000000,LNI239,LNI,9,36,0
34840,10/26/2022 17:04,0.4565,101.4444,2,0,B739,PK-LHH,1670000000,LNI5126,LNI,4,36,1
48805,11/10/2022 17:14,0.4546,101.4444,2,0,B739,PK-LHH,1670000000,LNI124,LNI,5,36,0
2785,9/28/2022 16:36,0.4531,101.4443,2,0,B739,PK-LHI,1660000000,LNI276,LNI,9,36,0
45581,11/8/2022 8:48,0.455,101.4443,2,0,B739,PK-LHI,1670000000,LNI239,LNI,8,36,0
46250,11/9/2022 8:55,0.4517,101.4442,1,0,B739,PK-LHI,1670000000,LNI239,LNI,3,36,0
79293,12/9/2022 13:44,0.4536,101.4443,2,0,B739,PK-LHI,1670000000,LNI290,LNI,6,36,0
39355,11/2/2022 19:22,0.4559,101.4444,2,0,B739,PK-LHJ,1670000000,LNI5388,LNI,9,36,1
40662,11/3/2022 19:08,0.4536,101.4443,2,0,B739,PK-LHJ,1670000000,LNI124,LNI,4,36,0
69499,12/1/2022 18:00,0.4534,101.4443,2,0,B739,PK-LHJ,1670000000,LNI124,LNI,8,36,0
74556,12/6/2022 6:20,0.4543,101.4443,2,0,B739,PK-LHJ,1670000000,LNI394,LNI,5,36,0
75753,12/6/2022 16:30,0.4532,101.4443,2,0,B739,PK-LHJ,1670000000,LNI276,LNI,8,36,0
8086,10/3/2022 16:40,0.4535,101.4443,2,0,B739,PK-LHL,1660000000,LNI276,LNI,8,36,0
9769,10/4/2022 17:31,0.453,101.4443,2,0,B739,PK-LHL,1660000000,LNI276,LNI,5,36,0
47614,11/9/2022 21:27,0.4536,101.4443,1,0,B739,PK-LHL,1670000000,LNI5388,LNI,5,36,0
53511,11/14/2022 13:43,0.4526,101.4443,2,0,B739,PK-LHL,1670000000,LNI290,LNI,6,36,0
30997,10/21/2022 19:47,0.4561,101.4444,1,0,B739,PK-LHM,1670000000,LNI276,LNI,8,36,1
69967,12/2/2022 9:07,0.4517,101.4443,2,0,B739,PK-LHM,1670000000,LNI239,LNI,5,36,0
71103,12/3/2022 8:41,0.4541,101.4443,1,0,B739,PK-LHM,1670000000,LNI239,LNI,4,36,0
80822,12/10/2022 16:04,0.4537,101.4443,2,0,B739,PK-LHM,1670000000,LNI276,LNI,9,36,0
30712,10/21/2022 17:37,0.4559,101.4444,2,0,B739,PK-LHO,1670000000,LNI124,LNI,7,36,1
41483,11/4/2022 13:32,0.4626,101.4446,182,0,B739,PK-LHO,1670000000,LNI290,LNI,6,18,1
42240,11/4/2022 20:54,0.4527,101.4443,1,0,B739,PK-LHO,1670000000,LNI5388,LNI,6,36,0
43254,11/5/2022 16:34,0.4515,101.4443,2,0,B739,PK-LHP,1670000000,LNI276,LNI,4,36,0
47019,11/9/2022 15:58,0.4534,101.4443,2,0,B739,PK-LHP,1670000000,LNI276,LNI,5,36,0
48638,11/10/2022 16:39,0.4536,101.4443,1,0,B739,PK-LHP,1670000000,LNI276,LNI,9,36,0
71044,12/3/2022 6:14,0.4547,101.4443,1,0,B739,PK-LHP,1670000000,LNI290,LNI,4,36,0
132,9/26/2022 17:21,0.4571,101.4444,2,0,B739,PK-LHQ,1660000000,LNI140,LNI,8,36,1
16432,10/11/2022 16:36,0.4527,101.4443,2,0,B739,PK-LHQ,1670000000,LNI276,LNI,4,36,0
46690,11/9/2022 13:56,0.4555,101.4444,2,0,B739,PK-LHQ,1670000000,LNI290,LNI,6,36,0
52192,11/12/2022 18:36,0.4552,101.4444,2,0,B739,PK-LHQ,1670000000,LNI292,LNI,9,36,0
79859,12/9/2022 16:41,0.4528,101.4443,2,0,B739,PK-LHQ,1670000000,LNI276,LNI,4,36,0
92397,12/21/2022 13:40,0.4541,101.4443,2,0,B739,PK-LHQ,1670000000,LNI290,LNI,4,36,0
24136,10/18/2022 6:12,0.4549,101.4443,2,0,B739,PK-LHR,1670000000,LNI388,LNI,8,36,0
28911,10/20/2022 18:00,0.4617,101.4446,182,0,B739,PK-LHR,1670000000,LNI124,LNI,9,18,1
42981,11/5/2022 13:26,0.4536,101.4443,1,0,B739,PK-LHR,1670000000,LNI290,LNI,5,36,0
52336,11/12/2022 21:26,0.4539,101.4443,2,0,B739,PK-LHR,1670000000,LNI5388,LNI,4,36,0
52548,11/13/2022 16:18,0.4555,101.4444,2,0,B739,PK-LHR,1670000000,LNI276,LNI,9,36,0
54723,11/16/2022 18:28,0.4531,101.4443,2,0,B739,PK-LHR,1670000000,LNI394,LNI,4,36,0
65099,11/28/2022 16:05,0.4542,101.4443,2,0,B739,PK-LHR,1670000000,LNI276,LNI,8,36,0
10246,10/5/2022 9:00,0.4548,101.4443,2,0,B739,PK-LHS,1660000000,LNI239,LNI,5,36,0
35952,10/27/2022 17:33,0.4542,101.4443,2,0,B739,PK-LHS,1670000000,LNI124,LNI,4,36,0
54058,11/14/2022 18:13,0.4631,101.4446,182,0,B739,PK-LHS,1670000000,LNI394,LNI,7,18,0
68211,11/30/2022 18:42,0.4563,101.4444,2,0,B739,PK-LHS,1670000000,LNI292,LNI,4,36,1
90064,12/18/2022 20:00,0.4588,101.4445,2,0,B739,PK-LHS,1670000000,LNI292,LNI,8,36,1
58132,11/22/2022 13:33,0.4522,101.4443,1,0,B739,PK-LHT,1670000000,LNI290,LNI,6,36,0
84567,12/14/2022 6:19,0.4553,101.4443,2,0,B739,PK-LHT,1670000000,LNI394,LNI,8,36,0
87178,12/16/2022 15:27,0.4626,101.4446,182,0,B739,PK-LHT,1670000000,LNI290,LNI,7,18,1
96026,12/23/2022 13:45,0.4532,101.4443,2,0,B739,PK-LHT,1670000000,LNI290,LNI,6,36,0
22529,10/16/2022 14:01,0.4525,101.4443,2,0,B739,PK-LHU,1670000000,LNI290,LNI,4,36,0
24664,10/18/2022 8:48,0.453,101.4443,1,0,B739,PK-LHU,1670000000,LNI239,LNI,4,36,0
80883,12/10/2022 16:14,0.4521,101.4443,1,0,B739,PK-LHU,1670000000,LNI290,LNI,7,36,0
93423,12/22/2022 6:20,0.4537,101.4443,2,0,B739,PK-LHU,1670000000,LNI388,LNI,5,36,0
94818,12/22/2022 18:17,0.455,101.4444,2,0,B739,PK-LHU,1670000000,LNI276,LNI,3,36,0
77250,12/7/2022 16:01,0.4567,101.4444,2,0,B739,PK-LHY,1670000000,LNI276,LNI,9,36,1
87655,12/16/2022 18:07,0.4532,101.4443,2,0,B739,PK-LHZ,1670000000,LNI276,LNI,4,36,0
69770,12/1/2022 19:41,0.4576,101.4444,2,0,B739,PK-LJG,1670000000,LNI292,LNI,8,36,1
74410,12/5/2022 19:35,0.4545,101.4443,2,0,B739,PK-LJG,1670000000,LNI124,LNI,4,36,0
31837,10/22/2022 15:55,0.4562,101.4444,1,0,B739,PK-LJI,1670000000,LNI276,LNI,5,36,1
33346,10/23/2022 18:38,0.4582,101.4444,2,0,B739,PK-LJI,1670000000,LNI124,LNI,9,36,1
56958,11/21/2022 8:44,0.4543,101.4443,2,0,B739,PK-LJI,1670000000,LNI239,LNI,6,36,0
77947,12/8/2022 8:38,0.4519,101.4443,1,0,B739,PK-LJI,1670000000,LNI239,LNI,8,36,0
64497,11/26/2022 13:37,0.4564,101.4444,2,0,B738,PK-LJR,1670000000,LNI290,LNI,8,36,1
43488,11/5/2022 18:49,0.454,101.4443,2,0,B739,PK-LJZ,1670000000,LNI292,LNI,5,36,0
44455,11/7/2022 16:42,0.4542,101.4443,2,0,B739,PK-LJZ,1670000000,LNI276,LNI,5,36,0
85154,12/15/2022 6:12,0.4541,101.4443,2,0,B739,PK-LJZ,1670000000,LNI394,LNI,9,36,0
60585,11/23/2022 15:46,0.4548,101.4444,2,0,B739,PK-LKM,1670000000,LNI276,LNI,5,36,0
62373,11/24/2022 16:47,0.4556,101.4444,2,0,B739,PK-LKM,1670000000,LNI276,LNI,9,36,0
85830,12/15/2022 14:12,0.4538,101.4443,2,0,B739,PK-LKM,1670000000,LNI290,LNI,9,36,0
18125,10/13/2022 13:29,0.4532,101.4443,2,0,B738,PK-LKV,1670000000,LNI290,LNI,6,36,0
93840,12/22/2022 10:32,0.4574,101.4444,2,0,B738,PK-LOJ,1670000000,LNI5290,LNI,5,36,1
57478,11/21/2022 19:26,0.4607,101.4445,182,0,B738,PK-LOP,1670000000,LNI292,LNI,5,18,1
83777,12/13/2022 13:50,0.458,101.4445,1,0,B738,PK-LOP,1670000000,LNI290,LNI,6,36,1
55817,11/17/2022 19:52,0.4525,101.4442,1,0,B738,PK-LOV,1670000000,LNI276,LNI,9,36,0
5781,9/30/2022 18:41,0.4647,101.4446,182,0,B739,PK-LQR,1660000000,LNI292,LNI,9,18,0
50755,11/11/2022 19:46,0.4541,101.4443,1,0,B739,PK-LQR,1670000000,LNI5388,LNI,4,36,0
90968,12/20/2022 13:39,0.4546,101.4444,2,0,B739,PK-LQR,1670000000,LNI290,LNI,7,36,0
20218,10/14/2022 17:33,0.4545,101.4443,2,0,B739,PK-LQS,1670000000,LNI394,LNI,5,36,0
72285,12/3/2022 18:44,0.4598,101.4445,2,0,B739,PK-LQS,1670000000,LNI292,LNI,5,36,1
75009,12/6/2022 8:47,0.4543,101.4443,2,0,B739,PK-LQS,1670000000,LNI239,LNI,9,36,0
81647,12/11/2022 13:44,0.4534,101.4443,2,0,B739,PK-LQS,1670000000,LNI290,LNI,5,36,0
29000,10/20/2022 19:47,0.4567,101.4444,2,0,B739,PK-LQT,1670000000,LNI5388,LNI,6,36,1
29413,10/21/2022 8:40,0.4601,101.4445,2,0,B739,PK-LSH,1670000000,LNI239,LNI,4,36,1
33860,10/26/2022 8:56,0.4594,101.4444,1,0,B739,PK-LSH,1670000000,LNI239,LNI,5,36,1
35510,10/27/2022 13:49,0.4592,101.4444,2,0,B739,PK-LSH,1670000000,LNI290,LNI,5,36,1
36309,10/28/2022 8:45,0.461,101.4445,2,0,B739,PK-LSH,1670000000,LNI239,LNI,9,36,1
37355,10/29/2022 8:21,0.4609,101.4445,3,0,B739,PK-LSH,1670000000,LNI239,LNI,5,36,1
47860,11/10/2022 8:37,0.459,101.4445,2,0,B739,PK-LSH,1670000000,LNI239,LNI,5,36,1
48135,11/10/2022 12:26,0.4581,101.4444,1,0,B739,PK-LSH,1670000000,LNI237,LNI,5,36,1
49486,11/11/2022 8:30,0.4594,101.4445,2,0,B739,PK-LSH,1670000000,LNI239,LNI,8,36,1
49610,11/11/2022 11:42,0.4583,101.4444,2,0,B739,PK-LSH,1670000000,LNI237,LNI,5,36,1
56338,11/18/2022 8:23,0.4598,101.4445,2,0,B739,PK-LSH,1670000000,LNI239,LNI,4,36,1
67806,11/30/2022 16:01,0.4592,101.4445,2,0,B739,PK-LSH,1670000000,LNI276,LNI,6,36,1
71787,12/3/2022 15:56,0.4602,101.4445,2,0,B739,PK-LSH,1670000000,LNI276,LNI,9,36,1
75447,12/6/2022 13:48,0.4587,101.4445,182,0,B739,PK-LSH,1670000000,LNI290,LNI,5,18,1
80116,12/9/2022 18:33,0.4591,101.4445,2,0,B739,PK-LSH,1670000000,LNI292,LNI,5,36,1
84860,12/14/2022 8:34,0.457,101.4444,2,0,B739,PK-LSH,1670000000,LNI239,LNI,5,36,1
11720,10/7/2022 8:36,0.4623,101.4445,182,0,B739,PK-LSI,1670000000,LNI239,LNI,9,18,1
11904,10/7/2022 12:04,0.4658,101.4447,182,0,B739,PK-LSI,1670000000,LNI237,LNI,5,18,0
13646,10/8/2022 8:59,0.4619,101.4445,182,0,B739,PK-LSI,1670000000,LNI239,LNI,9,18,1
55960,11/17/2022 20:32,0.4539,101.4443,2,0,B739,PK-LSI,1670000000,LNI5388,LNI,8,36,0
66966,11/29/2022 17:48,0.4529,101.4443,2,0,B739,PK-LSI,1670000000,LNI394,LNI,6,36,0
67447,11/30/2022 8:50,0.4552,101.4443,2,0,B739,PK-LSI,1670000000,LNI239,LNI,9,36,0
70669,12/2/2022 16:37,0.4526,101.4443,2,0,B739,PK-LSI,1670000000,LNI276,LNI,6,36,0
94677,12/22/2022 17:52,0.4533,101.4443,1,0,B739,PK-LSI,1670000000,LNI394,LNI,4,36,0
62683,11/24/2022 20:21,0.4607,101.4445,2,0,B739,PK-LSJ,1670000000,LNI5388,LNI,6,36,1
86556,12/16/2022 8:48,0.4603,101.4445,2,0,B739,PK-LSJ,1670000000,LNI239,LNI,4,36,1
90605,12/20/2022 8:39,0.46,101.4445,1,0,B739,PK-LSJ,1670000000,LNI239,LNI,3,36,1
92009,12/21/2022 8:34,0.4612,101.4445,2,0,B739,PK-LSJ,1670000000,LNI239,LNI,9,36,1
93697,12/22/2022 8:31,0.4606,101.4445,2,0,B739,PK-LSJ,1670000000,LNI239,LNI,7,36,1
23119,10/17/2022 11:29,0.4539,101.4443,2,0,B739,PK-LSK,1670000000,LNI237,LNI,5,36,0
52963,11/14/2022 8:29,0.4545,101.4443,2,0,B739,PK-LSK,1670000000,LNI239,LNI,5,36,0
53184,11/14/2022 11:31,0.454,101.4443,2,0,B739,PK-LSK,1670000000,LNI237,LNI,4,36,0
16662,10/11/2022 20:00,0.4645,101.4446,182,0,B739,PK-LSL,1670000000,LNI5388,LNI,4,18,0
40729,11/3/2022 20:14,0.4566,101.4444,1,0,B739,PK-LSL,1670000000,LNI5388,LNI,8,36,1
84145,12/13/2022 15:45,0.4553,101.4444,2,0,B739,PK-LSL,1670000000,LNI276,LNI,5,36,0
54252,11/14/2022 19:14,0.4594,101.4445,2,0,B739,PK-LSM,1670000000,LNI276,LNI,9,36,1
96506,12/23/2022 16:45,0.4577,101.4444,2,0,B739,PK-LSM,1670000000,LNI276,LNI,4,36,1
988,9/27/2022 10:43,0.4636,101.4446,182,0,B739,PK-LSO,1660000000,LNI239,LNI,5,18,0
1893,9/28/2022 8:32,0.4652,101.4446,182,0,B739,PK-LSO,1660000000,LNI239,LNI,6,18,0
3280,9/29/2022 8:29,0.4556,101.4444,2,0,B739,PK-LSO,1660000000,LNI239,LNI,4,36,0
76578,12/7/2022 10:40,0.4547,101.4443,2,0,B739,PK-LSO,1670000000,LNI239,LNI,7,36,0
42650,11/5/2022 9:02,0.4535,101.4443,2,0,B739,PK-LSP,1670000000,LNI239,LNI,4,36,0
62663,11/24/2022 18:35,0.4626,101.4445,180,0,B739,PK-LSP,1670000000,LNI292,LNI,9,18,1
14600,10/10/2022 8:45,0.4555,101.4444,2,0,B739,PK-LSR,1670000000,LNI239,LNI,5,36,0
15878,10/11/2022 8:42,0.453,101.4443,2,0,B739,PK-LSR,1670000000,LNI239,LNI,6,36,0
16597,10/11/2022 18:05,0.4554,101.4444,2,0,B739,PK-LSR,1670000000,LNI394,LNI,9,36,0
31510,10/22/2022 13:22,0.4538,101.4443,1,0,B739,PK-LSR,1670000000,LNI290,LNI,5,36,0
33444,10/23/2022 19:35,0.4538,101.4443,1,0,B739,PK-LSR,1670000000,LNI5388,LNI,8,36,0
38915,11/2/2022 13:27,0.4532,101.4443,1,0,B739,PK-LSR,1670000000,LNI290,LNI,5,36,0
72481,12/4/2022 6:20,0.4539,101.4443,1,0,B739,PK-LSR,1670000000,LNI394,LNI,7,36,0
26511,10/19/2022 13:14,0.4611,101.4445,180,0,A320,PK-LUF,1670000000,BTK6852,BTK,6,18,1
52268,11/12/2022 20:27,0.458,101.4445,2,0,A320,PK-LUH,1670000000,BTK7065,BTK,6,36,1
450,9/26/2022 19:43,0.4588,101.4445,2,0,A320,PK-LUJ,1660000000,BTK6850,BTK,8,36,1
14172,10/9/2022 20:04,0.4631,101.4446,2,0,A320,PK-LUJ,1670000000,BTK7065,BTK,8,36,1
21309,10/15/2022 11:52,0.4578,101.4444,2,0,A320,PK-LUJ,1670000000,BTK6852,BTK,4,36,1
81164,12/10/2022 20:50,0.4577,101.4444,2,0,A320,PK-LUJ,1670000000,BTK7065,BTK,8,36,1
83150,12/12/2022 20:45,0.4599,101.4445,1,0,A320,PK-LUJ,1670000000,BTK7065,BTK,5,36,1
3058,9/28/2022 19:37,0.4605,101.4445,1,0,A320,PK-LUK,1660000000,BTK6850,BTK,9,36,1
27498,10/20/2022 6:56,0.4581,101.4444,2,0,A320,PK-LUK,1670000000,BTK6856,BTK,5,36,1
27884,10/20/2022 11:52,0.4612,101.4445,180,0,A320,PK-LUK,1670000000,BTK6852,BTK,4,18,1
20072,10/14/2022 17:12,0.4555,101.4444,2,0,A320,PK-LUO,1670000000,BTK6848,BTK,5,36,0
83842,12/13/2022 14:06,0.4584,101.4445,3,0,A320,PK-LUO,1670000000,BTK6852,BTK,6,36,1
66239,11/29/2022 12:10,0.4588,101.4445,180,0,A320,PK-LUP,1670000000,BTK6852,BTK,4,18,1
10049,10/4/2022 20:50,0.457,101.4444,1,0,A320,PK-LUQ,1660000000,BTK7065,BTK,5,36,1
14830,10/10/2022 13:03,0.46,101.4445,1,0,A320,PK-LUQ,1670000000,BTK6852,BTK,5,36,1
49114,11/10/2022 20:00,0.4583,101.4444,4,0,A320,PK-LUQ,1670000000,BTK7065,BTK,5,36,1
67174,11/29/2022 20:16,0.4606,101.4445,2,0,A320,PK-LUQ,1670000000,BTK7065,BTK,8,36,1
85031,12/14/2022 20:05,0.4598,101.4445,2,0,A320,PK-LUQ,1670000000,BTK7065,BTK,9,36,1
3370,9/29/2022 8:36,0.4589,101.4445,1,0,A320,PK-LUR,1660000000,BTK8856,BTK,4,36,1
5008,9/30/2022 12:05,0.4587,101.4445,1,0,A320,PK-LUR,1660000000,BTK6852,BTK,6,36,1
31077,10/22/2022 7:03,0.4592,101.4445,2,0,A320,PK-LUR,1670000000,BTK6856,BTK,9,36,1
40822,11/3/2022 20:30,0.4607,101.4445,2,0,A320,PK-LUS,1670000000,BTK7065,BTK,5,36,1
29062,10/20/2022 21:02,0.4591,101.4445,2,0,A320,PK-LUT,1670000000,BTK7065,BTK,5,36,1
39510,11/2/2022 21:01,0.4599,101.4445,2,0,A320,PK-LUT,1670000000,BTK7065,BTK,9,36,1
36787,10/28/2022 17:01,0.4585,101.4445,2,0,A320,PK-LUU,1670000000,BTK6848,BTK,6,36,1
38108,10/29/2022 16:40,0.46,101.4445,2,0,A320,PK-LUU,1670000000,BTK6848,BTK,6,36,1
93352,12/21/2022 20:08,0.4605,101.4445,2,0,A320,PK-LUU,1670000000,BTK7065,BTK,9,36,1
9272,10/4/2022 14:45,0.4602,101.4445,1,0,A320,PK-LUW,1660000000,BTK6852,BTK,8,36,1
18711,10/13/2022 17:48,0.4598,101.4445,2,0,A320,PK-LUW,1670000000,BTK6848,BTK,5,36,1
32269,10/22/2022 20:27,0.4591,101.4444,2,0,A320,PK-LUW,1670000000,BTK7065,BTK,4,36,1
95249,12/22/2022 21:35,0.4608,101.4445,2,0,A320,PK-LUW,1670000000,BTK7065,BTK,4,36,1
7538,10/3/2022 12:04,0.4574,101.4444,2,0,A320,PK-LUY,1660000000,BTK6852,BTK,4,36,1
8868,10/4/2022 8:31,0.4613,101.4445,2,0,A320,PK-LUY,1660000000,BTK8856,BTK,9,36,1
13080,10/7/2022 17:49,0.4581,101.4445,1,0,A320,PK-LUY,1670000000,BTK6848,BTK,8,36,1
61201,11/23/2022 20:08,0.4605,101.4445,1,0,A320,PK-LUY,1670000000,BTK7065,BTK,8,36,1
64090,11/25/2022 20:33,0.4606,101.4445,1,0,A320,PK-LUY,1670000000,BTK7065,BTK,5,36,1
76279,12/6/2022 21:52,0.459,101.4445,1,0,A320,PK-LUY,1670000000,BTK7065,BTK,9,36,1
16789,10/11/2022 20:09,0.4601,101.4445,182,0,A320,PK-LUZ,1670000000,BTK7065,BTK,5,18,1
96891,12/23/2022 22:29,0.4609,101.4445,1,0,A320,PK-LUZ,1670000000,BTK7065,BTK,8,36,1
17853,10/13/2022 11:58,0.4607,101.4445,2,0,A320,PK-LZH,1670000000,BTK6852,BTK,8,36,1
65516,11/28/2022 21:57,0.4601,101.4445,1,0,A320,PK-LZH,1670000000,BTK7065,BTK,8,36,1
1483,9/27/2022 15:14,0.4648,101.4446,180,0,B738,PK-LZM,1660000000,BTK6854,BTK,5,18,0
14039,10/9/2022 15:22,0.4558,101.4444,1,0,B738,PK-LZM,1670000000,BTK6854,BTK,3,36,1
15024,10/10/2022 15:03,0.4544,101.4443,2,0,B738,PK-LZM,1670000000,BTK6854,BTK,4,36,0
21763,10/15/2022 14:58,0.4534,101.4443,2,0,B738,PK-LZM,1670000000,BTK6854,BTK,5,36,0
29131,10/21/2022 7:09,0.4547,101.4444,1,0,B738,PK-LZM,1670000000,BTK6856,BTK,9,36,0
47345,11/9/2022 18:08,0.4552,101.4444,2,0,B738,PK-LZO,1670000000,BTK6848,BTK,4,36,0
14557,10/10/2022 8:01,0.4529,101.4443,2,0,B738,PK-LZP,1670000000,BTK8856,BTK,5,36,0
23231,10/17/2022 11:55,0.4546,101.4443,2,0,B738,PK-LZP,1670000000,BTK6852,BTK,9,36,0
34165,10/26/2022 12:25,0.4537,101.4443,2,0,B738,PK-LZP,1670000000,BTK6852,BTK,5,36,0
66921,11/29/2022 17:42,0.4542,101.4443,2,0,B738,PK-LZP,1670000000,BTK6848,BTK,4,36,0
24505,10/18/2022 8:26,0.4564,101.4444,2,0,B738,PK-LZQ,1670000000,BTK8856,BTK,8,36,1
31762,10/22/2022 15:41,0.4536,101.4443,2,0,B738,PK-LZQ,1670000000,BTK6854,BTK,4,36,0
49850,11/11/2022 15:09,0.4527,101.4443,1,0,B738,PK-LZQ,1670000000,BTK6854,BTK,3,36,0
33992,10/26/2022 9:25,0.4531,101.4443,2,0,B738,PK-LZS,1670000000,BTK6856,BTK,5,36,0
58927,11/22/2022 17:41,0.4558,101.4444,1,0,B738,PK-LZS,1670000000,BTK6848,BTK,7,36,1
70589,12/2/2022 15:23,0.453,101.4443,1,0,B738,PK-LZS,1670000000,BTK6854,BTK,4,36,0
34722,10/26/2022 16:52,0.4536,101.4443,2,0,B738,PK-LZT,1670000000,BTK6854,BTK,6,36,0
71970,12/3/2022 17:03,0.4549,101.4443,1,0,B738,PK-LZT,1670000000,BTK6848,BTK,5,36,0
30496,10/21/2022 16:36,0.4526,101.4443,2,0,B738,PK-LZV,1670000000,BTK6854,BTK,4,36,0
51991,11/12/2022 15:26,0.4532,101.4443,2,0,B738,PK-LZV,1670000000,BTK6854,BTK,7,36,0
54964,11/17/2022 15:26,0.4551,101.4444,2,0,B738,PK-LZV,1670000000,BTK6854,BTK,9,36,0
67712,11/30/2022 15:04,0.4548,101.4443,2,0,B738,PK-LZV,1670000000,BTK6854,BTK,6,36,0
92870,12/21/2022 17:49,0.4518,101.4443,2,0,B738,PK-LZV,1670000000,BTK6848,BTK,4,36,0
2596,9/28/2022 14:47,0.4561,101.4444,2,0,B738,PK-LZY,1660000000,BTK6854,BTK,5,36,1
7887,10/3/2022 15:07,0.4542,101.4443,1,0,B738,PK-LZY,1660000000,BTK6854,BTK,6,36,0
11313,10/7/2022 7:16,0.4567,101.4444,2,0,B738,PK-LZY,1670000000,BTK8856,BTK,9,36,1
15802,10/11/2022 8:34,0.4533,101.4443,2,0,B738,PK-LZY,1670000000,BTK8856,BTK,4,36,0
42085,11/4/2022 16:58,0.4548,101.4443,2,0,B738,PK-LZY,1670000000,BTK6848,BTK,5,36,0
6498,10/1/2022 14:54,0.4529,101.4443,2,0,B738,PK-LZZ,1660000000,BTK6854,BTK,4,36,0
19286,10/14/2022 11:50,0.4525,101.4443,2,0,B738,PK-LZZ,1670000000,BTK6852,BTK,4,36,0
67903,11/30/2022 17:00,0.4603,101.4445,2,0,B738,PK-LZZ,1670000000,BTK6848,BTK,9,36,1
64629,11/26/2022 15:13,0.4594,101.4445,2,0,B733,PK-MGI,1670000000,TMG420,TMG,5,36,1
66651,11/29/2022 15:43,0.4599,101.4445,2,0,B733,PK-MGI,1670000000,TMG420,TMG,4,36,1
68013,11/30/2022 17:13,0.4582,101.4444,2,0,B733,PK-MGI,1670000000,TMG420,TMG,5,36,1
70426,12/2/2022 15:05,0.4604,101.4445,2,0,B733,PK-MGI,1670000000,TMG420,TMG,8,36,1
13919,10/9/2022 14:04,0.458,101.4444,1,0,A320,PK-SAA,1670000000,SJV912,SJV,6,36,1
14965,10/10/2022 14:05,0.46,101.4445,2,0,A320,PK-SAA,1670000000,SJV912,SJV,7,36,1
15436,10/10/2022 17:25,0.4588,101.4445,2,0,A320,PK-SAA,1670000000,SJV837,SJV,7,36,1
24945,10/18/2022 14:02,0.4603,101.4445,1,0,A320,PK-SAA,1670000000,SJV912,SJV,9,36,1
25461,10/18/2022 17:11,0.4615,101.4445,180,0,A320,PK-SAA,1670000000,SJV837,SJV,7,18,1
36171,10/28/2022 8:22,0.4599,101.4445,2,0,A320,PK-SAA,1670000000,SJV910,SJV,9,36,1
38659,11/2/2022 12:14,0.4576,101.4444,1,0,A320,PK-SAA,1670000000,SJV864,SJV,9,36,1
53301,11/14/2022 12:01,0.4597,101.4445,2,0,A320,PK-SAA,1670000000,SJV864,SJV,8,36,1
57155,11/21/2022 16:29,0.4567,101.4444,2,0,A320,PK-SAA,1670000000,SJV866,SJV,4,36,1
73831,12/5/2022 14:33,0.4578,101.4444,1,0,A320,PK-SAA,1670000000,SJV912,SJV,8,36,1
828,9/27/2022 9:31,0.4664,101.4446,182,0,A320,PK-SAC,1660000000,SJV910,SJV,8,18,0
5216,9/30/2022 14:13,0.4656,101.4446,180,0,A320,PK-SAC,1660000000,SJV912,SJV,7,18,0
5556,9/30/2022 17:25,0.4528,101.4443,2,0,A320,PK-SAC,1660000000,SJV837,SJV,7,36,0
6005,10/1/2022 7:31,0.4545,101.4443,2,0,A320,PK-SAC,1660000000,SJV910,SJV,5,36,0
52859,11/14/2022 7:26,0.4511,101.4442,2,0,A320,PK-SAC,1670000000,SJV910,SJV,4,36,0
55036,11/17/2022 15:31,0.4529,101.4443,2,0,A320,PK-SAC,1670000000,SJV912,SJV,8,36,0
55568,11/17/2022 18:28,0.4551,101.4444,2,0,A320,PK-SAC,1670000000,SJV837,SJV,5,36,0
56878,11/20/2022 7:30,0.4556,101.4444,1,0,A320,PK-SAC,1670000000,SJV910,SJV,9,36,0
57895,11/22/2022 12:21,0.4513,101.4442,1,0,A320,PK-SAC,1670000000,SJV864,SJV,6,36,0
60102,11/23/2022 12:14,0.4541,101.4443,2,0,A320,PK-SAC,1670000000,SJV864,SJV,6,36,0
61550,11/24/2022 12:03,0.4527,101.4443,1,0,A320,PK-SAC,1670000000,SJV864,SJV,4,36,0
84704,12/14/2022 7:29,0.4519,101.4442,1,0,A320,PK-SAC,1670000000,SJV910,SJV,4,36,0
2709,9/28/2022 16:06,0.4511,101.4442,2,0,A320,PK-SAE,1660000000,SJV866,SJV,6,36,0
16305,10/11/2022 14:42,0.4537,101.4443,2,0,A320,PK-SAE,1670000000,SJV912,SJV,9,36,0
17920,10/13/2022 12:53,0.452,101.4443,1,0,A320,PK-SAE,1670000000,SJV864,SJV,6,36,0
19399,10/14/2022 12:37,0.4529,101.4443,1,0,A320,PK-SAE,1670000000,SJV864,SJV,6,36,0
28046,10/20/2022 12:13,0.4638,101.4446,182,0,A320,PK-SAE,1670000000,SJV864,SJV,8,18,0
56618,11/18/2022 12:05,0.4512,101.4443,2,0,A320,PK-SAE,1670000000,SJV864,SJV,6,36,0
68786,12/1/2022 12:13,0.4528,101.4443,1,0,A320,PK-SAE,1670000000,SJV864,SJV,6,36,0
74792,12/6/2022 7:26,0.4508,101.4442,2,0,A320,PK-SAE,1670000000,SJV910,SJV,5,36,0
77998,12/8/2022 12:17,0.4518,101.4443,2,0,A320,PK-SAE,1670000000,SJV864,SJV,5,36,0
78688,12/9/2022 7:39,0.4526,101.4443,2,0,A320,PK-SAE,1670000000,SJV910,SJV,7,36,0
14756,10/10/2022 12:12,0.4567,101.4444,182,0,A320,PK-SAI,1670000000,SJV864,SJV,4,18,1
43606,11/6/2022 12:02,0.4624,101.4446,2,0,A320,PK-SAI,1670000000,SJV864,SJV,8,36,1
46970,11/9/2022 15:51,0.4584,101.4445,2,0,A320,PK-SAI,1670000000,SJV866,SJV,9,36,1
49721,11/11/2022 14:48,0.46,101.4445,2,0,A320,PK-SAI,1670000000,SJV912,SJV,6,36,1
50476,11/11/2022 18:13,0.459,101.4445,1,0,A320,PK-SAI,1670000000,SJV837,SJV,6,36,1
61274,11/24/2022 7:36,0.4572,101.4444,2,0,A320,PK-SAI,1670000000,SJV910,SJV,8,36,1
73474,12/5/2022 12:19,0.4594,101.4445,180,0,A320,PK-SAI,1670000000,SJV864,SJV,5,18,1
76428,12/7/2022 7:35,0.4578,101.4444,2,0,A320,PK-SAI,1670000000,SJV910,SJV,3,36,1
77810,12/8/2022 7:37,0.4613,101.4445,2,0,A320,PK-SAI,1670000000,SJV910,SJV,6,36,1
19550,10/14/2022 13:55,0.4618,101.4445,2,0,A320,PK-SAJ,1670000000,SJV912,SJV,8,36,1
57614,11/22/2022 7:41,0.4588,101.4445,1,0,A320,PK-SAJ,1670000000,SJV910,SJV,9,36,1
9432,10/4/2022 15:38,0.4585,101.4445,1,0,A320,PK-SAK,1660000000,SJV866,SJV,6,36,1
32836,10/23/2022 17:16,0.4577,101.4444,1,0,A320,PK-SAK,1670000000,SJV837,SJV,6,36,1
60966,11/23/2022 17:32,0.4582,101.4445,2,0,A320,PK-SAK,1670000000,SJV837,SJV,9,36,1
66514,11/29/2022 14:20,0.4563,101.4444,2,0,A320,PK-SAK,1670000000,SJV912,SJV,6,36,1
69075,12/1/2022 14:24,0.4592,101.4445,2,0,A320,PK-SAK,1670000000,SJV912,SJV,6,36,1
84165,12/13/2022 16:07,0.4596,101.4445,2,0,A320,PK-SAM,1670000000,SJV866,SJV,5,36,1
86727,12/16/2022 12:09,0.4578,101.4444,2,0,A320,PK-SAM,1670000000,SJV864,SJV,8,36,1
88558,12/17/2022 12:24,0.4607,101.4445,3,0,A320,PK-SAM,1670000000,SJV864,SJV,5,36,1
94469,12/22/2022 15:54,0.4569,101.4444,2,0,A320,PK-SAM,1670000000,SJV866,SJV,5,36,1
17425,10/13/2022 7:31,0.4586,101.4444,2,0,A320,PK-SAO,1670000000,SJV910,SJV,4,36,1
36596,10/28/2022 14:48,0.4588,101.4444,2,0,A320,PK-SAO,1670000000,SJV912,SJV,8,36,1
37288,10/29/2022 7:36,0.4588,101.4444,4,0,A320,PK-SAO,1670000000,SJV910,SJV,6,36,1
62101,11/24/2022 16:21,0.4597,101.4445,182,0,A320,PK-SAO,1670000000,SJV866,SJV,5,18,1
2190,9/28/2022 12:21,0.4574,101.4444,182,0,A320,PK-SAP,1660000000,SJV864,SJV,8,18,1
3236,9/29/2022 7:42,0.4597,101.4445,2,0,A320,PK-SAP,1660000000,SJV910,SJV,7,36,1
4691,9/30/2022 7:29,0.4583,101.4444,2,0,A320,PK-SAP,1660000000,SJV910,SJV,5,36,1
6570,10/1/2022 16:10,0.4584,101.4445,1,0,A320,PK-SAP,1660000000,SJV866,SJV,5,36,1
6934,10/2/2022 7:28,0.4578,101.4444,2,0,A320,PK-SAP,1660000000,SJV910,SJV,6,36,1
8010,10/3/2022 15:52,0.4604,101.4445,1,0,A320,PK-SAP,1660000000,SJV866,SJV,4,36,1
12306,10/7/2022 16:05,0.459,101.4445,180,0,A320,PK-SAP,1670000000,SJV866,SJV,6,18,1
13548,10/8/2022 7:45,0.4585,101.4444,2,0,A320,PK-SAP,1670000000,SJV910,SJV,5,36,1
18867,10/14/2022 7:33,0.459,101.4445,1,0,A320,PK-SAP,1670000000,SJV910,SJV,6,36,1
20955,10/15/2022 7:28,0.4603,101.4445,2,0,A320,PK-SAP,1670000000,SJV910,SJV,8,36,1
22199,10/16/2022 7:21,0.4577,101.4444,2,0,A320,PK-SAP,1670000000,SJV910,SJV,6,36,1
24311,10/18/2022 7:41,0.4595,101.4445,2,0,A320,PK-SAP,1670000000,SJV910,SJV,5,36,1
89225,12/17/2022 16:10,0.4596,101.4445,2,0,A320,PK-SAP,1670000000,SJV866,SJV,6,36,1
44816,11/8/2022 7:37,0.4563,101.4444,2,0,A320,PK-SAQ,1670000000,SJV910,SJV,8,36,1
51840,11/12/2022 12:39,0.4594,101.4445,2,0,A320,PK-SAQ,1670000000,SJV864,SJV,8,36,1
7747,10/3/2022 14:01,0.4567,101.4444,1,0,A320,PK-SAT,1660000000,SJV912,SJV,6,36,1
8225,10/3/2022 17:17,0.4537,101.4443,2,0,A320,PK-SAT,1660000000,SJV837,SJV,6,36,0
36464,10/28/2022 12:39,0.4531,101.4443,2,0,A320,PK-SAT,1670000000,SJV864,SJV,5,36,0
39579,11/3/2022 7:26,0.4535,101.4443,2,0,A320,PK-SAT,1670000000,SJV910,SJV,8,36,0
41576,11/4/2022 14:09,0.465,101.4446,181,0,A320,PK-SAT,1670000000,SJV912,SJV,6,18,0
67487,11/30/2022 12:42,0.4535,101.4443,2,0,A320,PK-SAT,1670000000,SJV864,SJV,5,36,0
77183,12/7/2022 15:54,0.4539,101.4443,2,0,A320,PK-SAT,1670000000,SJV866,SJV,5,36,0
12100,10/7/2022 14:08,0.4656,101.4446,182,0,A320,PK-SAU,1670000000,SJV912,SJV,4,18,0
12701,10/7/2022 17:15,0.4532,101.4443,2,0,A320,PK-SAU,1670000000,SJV837,SJV,8,36,0
15670,10/11/2022 7:49,0.4526,101.4443,2,0,A320,PK-SAU,1670000000,SJV910,SJV,6,36,0
34102,10/26/2022 12:21,0.4516,101.4443,2,0,A320,PK-SAU,1670000000,SJV864,SJV,4,36,0
48925,11/10/2022 17:33,0.4527,101.4443,2,0,A320,PK-SAU,1670000000,SJV837,SJV,9,36,0
58799,11/22/2022 17:11,0.4537,101.4443,2,0,A320,PK-SAU,1670000000,SJV837,SJV,7,36,0
2394,9/28/2022 13:56,0.4628,101.4446,182,0,A320,PK-SAV,1660000000,SJV912,SJV,4,18,0
3897,9/29/2022 14:11,0.4572,101.4444,180,0,A320,PK-SAV,1660000000,SJV912,SJV,9,18,1
4240,9/29/2022 17:14,0.4591,101.4445,180,0,A320,PK-SAV,1660000000,SJV837,SJV,9,18,1
32515,10/23/2022 12:03,0.4591,101.4445,2,0,A320,PK-SAV,1670000000,SJV864,SJV,5,36,1
37838,10/29/2022 14:14,0.4554,101.4444,1,0,A320,PK-SAV,1670000000,SJV912,SJV,5,36,0
43053,11/5/2022 14:17,0.4589,101.4445,3,0,A320,PK-SAV,1670000000,SJV912,SJV,7,36,1
43456,11/5/2022 17:13,0.4577,101.4444,2,0,A320,PK-SAV,1670000000,SJV837,SJV,6,36,1
50096,11/11/2022 16:21,0.4587,101.4445,2,0,A320,PK-SAV,1670000000,SJV866,SJV,6,36,1
71466,12/3/2022 14:08,0.4593,101.4445,2,0,A320,PK-SAV,1670000000,SJV912,SJV,4,36,1
74052,12/5/2022 15:48,0.4585,101.4445,2,0,A320,PK-SAV,1670000000,SJV866,SJV,5,36,1
92284,12/21/2022 12:56,0.4587,101.4445,2,0,A320,PK-SAV,1670000000,SJV864,SJV,3,36,1
94249,12/22/2022 13:58,0.4559,101.4444,1,0,A320,PK-SAV,1670000000,SJV912,SJV,5,36,1
7245,10/3/2022 7:48,0.4598,101.4445,180,0,A320,PK-SAW,1660000000,SJV910,SJV,4,18,1
8680,10/4/2022 8:02,0.4576,101.4444,3,0,A320,PK-SAW,1660000000,SJV910,SJV,5,36,1
14314,10/10/2022 7:40,0.4581,101.4444,2,0,A320,PK-SAW,1670000000,SJV910,SJV,5,36,1
22591,10/16/2022 14:08,0.46,101.4445,1,0,A320,PK-SAW,1670000000,SJV912,SJV,5,36,1
23518,10/17/2022 14:16,0.4592,101.4445,1,0,A320,PK-SAW,1670000000,SJV912,SJV,9,36,1
23958,10/17/2022 17:24,0.4603,101.4445,182,0,A320,PK-SAW,1670000000,SJV837,SJV,8,18,1
42379,11/5/2022 7:34,0.4584,101.4445,180,0,A320,PK-SAW,1670000000,SJV910,SJV,5,18,1
85284,12/15/2022 7:48,0.4612,101.4445,2,0,A320,PK-SAW,1670000000,SJV910,SJV,8,36,1
86970,12/16/2022 14:53,0.4627,101.4446,182,0,A320,PK-SAW,1670000000,SJV912,SJV,6,18,1
66337,11/29/2022 12:20,0.4668,101.4447,180,0,A320,PK-SAY,1670000000,SJV864,SJV,4,18,0
78437,12/8/2022 16:05,0.4549,101.4444,2,0,A320,PK-SAY,1670000000,SJV866,SJV,9,36,0
71319,12/3/2022 12:10,0.4557,101.4444,2,0,A320,PK-SGB,1670000000,SJV864,SJV,9,36,0
79787,12/9/2022 15:45,0.4512,101.4443,2,0,A320,PK-SGB,1670000000,SJV866,SJV,8,36,0
96106,12/23/2022 14:03,0.4538,101.4443,2,0,A320,PK-SGB,1670000000,SJV912,SJV,4,36,0
7606,10/3/2022 12:11,0.4577,101.4444,2,0,A320,PK-SGD,1660000000,SJV864,SJV,4,36,1
27122,10/19/2022 17:16,0.4564,101.4444,1,0,A320,PK-SGD,1670000000,SJV866,SJV,6,36,1
34260,10/26/2022 14:22,0.461,101.4445,2,0,A320,PK-SGD,1670000000,SJV912,SJV,6,36,1
34990,10/26/2022 17:38,0.4583,101.4445,2,0,A320,PK-SGD,1670000000,SJV837,SJV,4,36,1
62863,11/25/2022 7:52,0.4571,101.4444,1,0,A320,PK-SGD,1670000000,SJV910,SJV,6,36,1
68461,12/1/2022 7:38,0.4577,101.4444,2,0,A320,PK-SGD,1670000000,SJV910,SJV,7,36,1
75210,12/6/2022 12:17,0.4584,101.4445,182,0,A320,PK-SGD,1670000000,SJV864,SJV,8,18,1
79479,12/9/2022 14:15,0.458,101.4444,2,0,A320,PK-SGD,1670000000,SJV912,SJV,8,36,1
83933,12/13/2022 14:13,0.4575,101.4444,2,0,A320,PK-SGD,1670000000,SJV912,SJV,6,36,1
23292,10/17/2022 12:08,0.4566,101.4444,2,0,A320,PK-SJA,1670000000,SJV864,SJV,7,36,1
63274,11/25/2022 12:11,0.4529,101.4443,2,0,A320,PK-SJA,1670000000,SJV864,SJV,9,36,0
40297,11/3/2022 17:25,0.4509,101.4443,2,0,A320,PK-SJD,1670000000,SJV837,SJV,5,36,0
82855,12/12/2022 16:27,0.4526,101.4443,2,0,A320,PK-SJD,1670000000,SJV866,SJV,5,36,0
42832,11/5/2022 12:20,0.4537,101.4443,2,0,A320,PK-SJE,1670000000,SJV864,SJV,9,36,0
75563,12/6/2022 14:29,0.4678,101.4447,182,0,A320,PK-SJE,1670000000,SJV912,SJV,4,18,0
76991,12/7/2022 14:16,0.4532,101.4443,2,0,A320,PK-SJE,1670000000,SJV912,SJV,9,36,0
79037,12/9/2022 12:23,0.4511,101.4442,1,0,A320,PK-SJE,1670000000,SJV864,SJV,4,36,0
85720,12/15/2022 14:00,0.4515,101.4443,1,0,A320,PK-SJE,1670000000,SJV912,SJV,9,36,0
1393,9/27/2022 14:03,0.4588,101.4445,180,0,A320,PK-SJF,1660000000,SJV912,SJV,6,18,1
90321,12/20/2022 7:31,0.4594,101.4445,1,0,A320,PK-SJF,1670000000,SJV910,SJV,7,36,1
9164,10/4/2022 14:08,0.4537,101.4443,2,0,A320,PK-SJG,1660000000,SJV912,SJV,8,36,0
9697,10/4/2022 17:19,0.4537,101.4443,2,0,A320,PK-SJG,1660000000,SJV837,SJV,9,36,0
15168,10/10/2022 15:43,0.4512,101.4443,359,0,A320,PK-SJG,1670000000,SJV866,SJV,9,36,0
53590,11/14/2022 14:35,0.454,101.4443,1,0,A320,PK-SJG,1670000000,SJV912,SJV,4,36,0
53983,11/14/2022 17:39,0.4521,101.4443,2,0,A320,PK-SJG,1670000000,SJV837,SJV,5,36,0
91006,12/20/2022 13:51,0.4528,101.4443,2,0,A320,PK-SJG,1670000000,SJV912,SJV,4,36,0
78303,12/8/2022 14:47,0.4526,101.4443,2,0,A320,PK-SJH,1670000000,SJV912,SJV,4,36,0
21693,10/15/2022 14:11,0.4586,101.4445,2,0,A320,PK-SJJ,1670000000,SJV912,SJV,6,36,1
24816,10/18/2022 12:07,0.4593,101.4445,2,0,A320,PK-SJJ,1670000000,SJV864,SJV,5,36,1
31701,10/22/2022 15:37,0.4613,101.4445,1,0,A320,PK-SJJ,1670000000,SJV866,SJV,5,36,1
56140,11/18/2022 7:40,0.4581,101.4445,2,0,A320,PK-SJJ,1670000000,SJV910,SJV,4,36,1
71629,12/3/2022 15:43,0.4589,101.4445,3,0,A320,PK-SJJ,1670000000,SJV866,SJV,4,36,1
81707,12/11/2022 14:08,0.4579,101.4444,359,0,A320,PK-SJJ,1670000000,SJV912,SJV,4,36,1
16154,10/11/2022 12:24,0.458,101.4444,2,0,A320,PK-SJP,1670000000,SJV864,SJV,5,36,1
30402,10/21/2022 16:10,0.4616,101.4446,182,0,A320,PK-SJP,1670000000,SJV866,SJV,5,18,1
34498,10/26/2022 15:51,0.458,101.4444,2,0,A320,PK-SJP,1670000000,SJV866,SJV,8,36,1
35577,10/27/2022 14:12,0.4605,101.4445,1,0,A320,PK-SJP,1670000000,SJV912,SJV,9,36,1
46036,11/9/2022 7:31,0.4591,101.4445,2,0,A320,PK-SJP,1670000000,SJV910,SJV,5,36,1
49352,11/11/2022 7:37,0.459,101.4445,1,0,A320,PK-SJS,1670000000,SJV910,SJV,6,36,1
67868,11/30/2022 16:17,0.4571,101.4444,2,0,A320,PK-SJS,1670000000,SJV866,SJV,6,36,1
81484,12/11/2022 12:33,0.4601,101.4445,2,0,A320,PK-SJS,1670000000,SJV864,SJV,8,36,1
85995,12/15/2022 16:32,0.4584,101.4444,2,0,A320,PK-SJS,1670000000,SJV866,SJV,4,36,1
205,9/26/2022 17:29,0.4584,101.4445,2,0,A320,PK-SJU,1660000000,SJV837,SJV,5,36,1
1290,9/27/2022 13:05,0.4599,101.4445,180,0,A320,PK-SJU,1660000000,SJV864,SJV,5,18,1
5069,9/30/2022 12:17,0.4568,101.4444,2,0,A320,PK-SJU,1660000000,SJV864,SJV,5,36,1
41878,11/4/2022 16:36,0.4597,101.4445,180,0,A320,PK-SJU,1670000000,SJV866,SJV,4,18,1
44575,11/7/2022 17:21,0.4566,101.4444,2,0,A320,PK-SJU,1670000000,SJV837,SJV,9,36,1
60663,11/23/2022 16:04,0.4604,101.4445,2,0,A320,PK-SJU,1670000000,SJV866,SJV,5,36,1
54497,11/16/2022 17:41,0.4575,101.4444,2,0,A320,PK-SJV,1670000000,SJV837,SJV,4,36,1
96284,12/23/2022 15:45,0.4571,101.4444,2,0,A320,PK-SJV,1670000000,SJV866,SJV,5,36,1
26321,10/19/2022 12:30,0.461,101.4445,180,0,A320,PK-SJW,1670000000,SJV864,SJV,4,18,1
28677,10/20/2022 16:12,0.4582,101.4444,180,0,A320,PK-SJW,1670000000,SJV866,SJV,9,18,1
31561,10/22/2022 13:54,0.4592,101.4445,4,0,A320,PK-SJW,1670000000,SJV912,SJV,6,36,1
31980,10/22/2022 17:03,0.4595,101.4445,2,0,A320,PK-SJW,1670000000,SJV837,SJV,6,36,1
61796,11/24/2022 14:19,0.4577,101.4444,180,0,A320,PK-SJW,1670000000,SJV912,SJV,5,18,1
82403,12/12/2022 12:11,0.4571,101.4444,2,0,A320,PK-SJW,1670000000,SJV864,SJV,8,36,1
85558,12/15/2022 12:09,0.4596,101.4445,2,0,A320,PK-SJW,1670000000,SJV864,SJV,5,36,1
6292,10/1/2022 12:04,0.4608,101.4445,1,0,A320,PK-SJZ,1660000000,SJV864,SJV,9,36,1
40074,11/3/2022 16:13,0.4569,101.4444,1,0,A320,PK-STF,1670000000,SJV866,SJV,9,36,1
57330,11/21/2022 17:06,0.4585,101.4444,2,0,A320,PK-STF,1670000000,SJV837,SJV,4,36,1
69226,12/1/2022 15:45,0.4577,101.4444,2,0,A320,PK-STF,1670000000,SJV866,SJV,3,36,1
89153,12/17/2022 16:05,0.4613,101.4445,2,0,A320,PK-STF,1670000000,SJV912,SJV,6,36,1
89769,12/18/2022 15:53,0.4589,101.4445,2,0,A320,PK-STF,1670000000,SJV866,SJV,9,36,1
11425,10/7/2022 7:44,0.4568,101.4444,182,0,A320,PK-STG,1670000000,SJV910,SJV,9,18,1
38985,11/2/2022 14:13,0.4611,101.4445,2,0,A320,PK-STG,1670000000,SJV912,SJV,5,36,1
39266,11/2/2022 17:33,0.4586,101.4445,2,0,A320,PK-STG,1670000000,SJV837,SJV,6,36,1
52138,11/12/2022 15:49,0.459,101.4445,2,0,A320,PK-STG,1670000000,SJV866,SJV,8,36,1
64751,11/28/2022 14:06,0.4589,101.4445,1,0,A320,PK-STG,1670000000,SJV912,SJV,4,36,1
80628,12/10/2022 14:16,0.4577,101.4444,359,0,A320,PK-STG,1670000000,SJV912,SJV,4,36,1
3728,9/29/2022 12:48,0.4666,101.4447,182,0,A320,PK-STZ,1660000000,SJV864,SJV,8,18,0
17266,10/12/2022 17:29,0.4516,101.4443,2,0,A320,PK-STZ,1670000000,SJV837,SJV,6,36,0
26706,10/19/2022 14:08,0.4663,101.4447,182,0,A320,PK-STZ,1670000000,SJV912,SJV,9,18,0
27059,10/19/2022 17:11,0.4525,101.4443,1,0,A320,PK-STZ,1670000000,SJV837,SJV,8,36,0
29914,10/21/2022 14:29,0.4632,101.4446,182,0,A320,PK-STZ,1670000000,SJV912,SJV,8,18,0
30838,10/21/2022 18:18,0.4516,101.4443,2,0,A320,PK-STZ,1670000000,SJV837,SJV,9,36,0
95884,12/23/2022 12:45,0.4523,101.4443,2,0,A320,PK-STZ,1670000000,SJV864,SJV,8,36,0
85789,12/15/2022 14:08,0.454,101.4443,2,0,AT75,PK-WFJ,1670000000,WON1770,WON,6,36,0
88787,12/17/2022 13:10,0.4642,101.4447,182,0,AT75,PK-WFJ,1670000000,WON1770,WON,4,18,0
93126,12/21/2022 18:50,0.4539,101.4443,2,0,AT75,PK-WFJ,1670000000,WON1774,WON,4,36,0
66588,11/29/2022 15:09,0.4556,101.4443,3,0,AT75,PK-WFM,1670000000,WON2231,WON,5,36,0
74906,12/6/2022 8:09,0.458,101.4445,12,0,AT75,PK-WFM,1670000000,WON1770,WON,4,36,1
88180,12/17/2022 8:11,0.4561,101.4443,1,0,AT75,PK-WFM,1670000000,WON1231,WON,4,36,1
95432,12/23/2022 8:06,0.4558,101.4443,6,0,AT75,PK-WFM,1670000000,WON1231,WON,8,36,1
7967,10/3/2022 15:14,0.4556,101.4443,2,0,AT75,PK-WFO,1660000000,WON2231,WON,4,36,0
9316,10/4/2022 15:10,0.4544,101.4443,4,0,AT75,PK-WFO,1660000000,WON2231,WON,8,36,0
14668,10/10/2022 9:21,0.454,101.4443,2,0,AT75,PK-WFO,1670000000,WON1231,WON,5,36,0
15238,10/10/2022 16:31,0.4559,101.4443,2,0,AT75,PK-WFO,1670000000,WON1243,WON,5,36,1
20405,10/14/2022 17:58,0.453,101.4443,6,0,AT75,PK-WFO,1670000000,WON1243,WON,4,36,0
23680,10/17/2022 16:34,0.4568,101.4445,26,0,AT75,PK-WFO,1670000000,WON1243,WON,6,36,1
86855,12/16/2022 12:55,0.4568,101.4445,2,0,AT75,PK-WFO,1670000000,WON1770,WON,5,36,1
61912,11/24/2022 14:37,0.4657,101.4447,180,0,AT75,PK-WFR,1670000000,WON1770,WON,9,18,0
2667,9/28/2022 15:42,0.4535,101.4443,2,0,AT76,PK-WGH,1660000000,WON2231,WON,4,36,0
10593,10/6/2022 17:25,0.4545,101.4443,2,0,AT76,PK-WGH,1670000000,WON1243,WON,4,36,0
14114,10/9/2022 15:34,0.4578,101.4445,1,0,AT76,PK-WGH,1670000000,WON2231,WON,9,36,1
17763,10/13/2022 9:09,0.4556,101.4444,2,0,AT76,PK-WGH,1670000000,WON1231,WON,6,36,0
44143,11/6/2022 18:24,0.4538,101.4443,2,0,AT76,PK-WGH,1670000000,WON1243,WON,8,36,0
47239,11/9/2022 17:02,0.455,101.4444,3,0,AT76,PK-WGH,1670000000,WON1243,WON,4,36,0
50289,11/11/2022 16:41,0.4562,101.4444,2,0,AT76,PK-WGH,1670000000,WON1243,WON,4,36,1
53818,11/14/2022 16:46,0.4541,101.4443,2,0,AT76,PK-WGH,1670000000,WON1243,WON,5,36,0
58231,11/22/2022 15:09,0.4528,101.4443,1,0,AT76,PK-WGH,1670000000,WON2231,WON,5,36,0
64564,11/26/2022 14:56,0.456,101.4444,2,0,AT76,PK-WGH,1670000000,WON2231,WON,9,36,1
71539,12/3/2022 15:09,0.4539,101.4443,2,0,AT76,PK-WGH,1670000000,WON2231,WON,9,36,0
80522,12/10/2022 12:53,0.4538,101.4443,1,0,AT76,PK-WGH,1670000000,WON1770,WON,4,36,0
81078,12/10/2022 18:50,0.4667,101.4447,182,0,AT76,PK-WGH,1670000000,WON1774,WON,5,18,0
84102,12/13/2022 15:14,0.4553,101.4444,2,0,AT76,PK-WGH,1670000000,WON2231,WON,7,36,0
95121,12/22/2022 19:48,0.4552,101.4444,2,0,AT76,PK-WGH,1670000000,WON1243,WON,4,36,0
41599,11/4/2022 15:27,0.4638,101.4446,182,0,AT76,PK-WGI,1670000000,WON2231,WON,8,18,0
64834,11/28/2022 14:58,0.4549,101.4446,2,0,AT76,PK-WGI,1670000000,WON2231,WON,5,36,1
68587,12/1/2022 8:37,0.4537,101.4443,2,0,AT76,PK-WGI,1670000000,WON1231,WON,4,36,0
77909,12/8/2022 8:24,0.4529,101.4443,2,0,AT76,PK-WGI,1670000000,WON1231,WON,6,36,0
79691,12/9/2022 15:22,0.4559,101.4444,2,0,AT76,PK-WGI,1670000000,WON2231,WON,7,36,1
82735,12/12/2022 15:11,0.4557,101.4444,2,0,AT76,PK-WGI,1670000000,WON2231,WON,9,36,0
96653,12/23/2022 19:26,0.4553,101.4444,2,0,AT76,PK-WGI,1670000000,WON1243,WON,5,36,0
4065,9/29/2022 15:37,0.4624,101.4446,182,0,AT76,PK-WGJ,1660000000,WON2231,WON,6,18,1
16383,10/11/2022 15:08,0.4558,101.4444,2,0,AT76,PK-WGJ,1670000000,WON2231,WON,7,36,1
18447,10/13/2022 16:40,0.4561,101.4444,2,0,AT76,PK-WGJ,1670000000,WON1243,WON,5,36,1
19792,10/14/2022 15:23,0.455,101.4444,1,0,AT76,PK-WGJ,1670000000,WON2231,WON,6,36,0
21929,10/15/2022 16:23,0.4644,101.4446,182,0,AT76,PK-WGJ,1670000000,WON2231,WON,3,18,0
24392,10/18/2022 8:12,0.4554,101.4444,2,0,AT76,PK-WGJ,1670000000,WON1231,WON,5,36,0
31903,10/22/2022 16:04,0.456,101.4444,2,0,AT76,PK-WGJ,1670000000,WON1243,WON,4,36,1
34611,10/26/2022 16:15,0.4536,101.4443,2,0,AT76,PK-WGJ,1670000000,WON1243,WON,8,36,0
35841,10/27/2022 16:37,0.4528,101.4443,2,0,AT76,PK-WGJ,1670000000,WON1243,WON,9,36,0
39232,11/2/2022 16:44,0.4528,101.4443,2,0,AT76,PK-WGJ,1670000000,WON1243,WON,6,36,0
41824,11/4/2022 16:29,0.4645,101.4446,180,0,AT76,PK-WGJ,1670000000,WON1243,WON,4,18,0
43132,11/5/2022 14:58,0.4649,101.4446,182,0,AT76,PK-WGJ,1670000000,WON2231,WON,4,18,0
44722,11/7/2022 18:20,0.4537,101.4443,2,0,AT76,PK-WGJ,1670000000,WON1243,WON,4,36,0
45806,11/8/2022 15:02,0.4554,101.4444,2,0,AT76,PK-WGJ,1670000000,WON2231,WON,4,36,0
52619,11/13/2022 16:26,0.4536,101.4443,1,0,AT76,PK-WGJ,1670000000,WON2231,WON,5,36,0
63566,11/25/2022 15:35,0.4547,101.4443,2,0,AT76,PK-WGJ,1670000000,WON2231,WON,5,36,0
62443,11/24/2022 16:55,0.4566,101.4444,1,0,AT76,PK-WGM,1670000000,WON1772,WON,6,36,1
65256,11/28/2022 16:35,0.4556,101.4444,2,0,AT76,PK-WGM,1670000000,WON1243,WON,5,36,0
69641,12/1/2022 18:33,0.454,101.4443,1,0,AT76,PK-WGM,1670000000,WON1243,WON,7,36,0
73911,12/5/2022 15:08,0.4567,101.4444,2,0,AT76,PK-WGM,1670000000,WON2231,WON,4,36,1
77138,12/7/2022 15:46,0.453,101.4443,2,0,AT76,PK-WGM,1670000000,WON1772,WON,5,36,0
78515,12/8/2022 22:12,0.454,101.4443,1,0,AT76,PK-WGM,1670000000,WON2231,WON,6,36,0
81441,12/11/2022 12:26,0.4536,101.4443,2,0,AT76,PK-WGM,1670000000,WON1770,WON,5,36,0
81919,12/11/2022 19:20,0.4547,101.4443,2,0,AT76,PK-WGM,1670000000,WON1774,WON,6,36,0
84420,12/13/2022 19:09,0.4548,101.4443,2,0,AT76,PK-WGM,1670000000,WON1243,WON,6,36,0
86133,12/15/2022 18:19,0.4548,101.4445,2,0,AT76,PK-WGM,1670000000,WON1243,WON,5,36,0
87139,12/16/2022 15:10,0.4654,101.4446,182,0,AT76,PK-WGM,1670000000,WON2231,WON,7,18,0
92641,12/21/2022 15:47,0.4563,101.4444,2,0,AT76,PK-WGM,1670000000,WON2231,WON,9,36,1
94322,12/22/2022 15:29,0.4547,101.4443,2,0,AT76,PK-WGM,1670000000,WON2231,WON,6,36,0
89727,12/18/2022 15:38,0.4547,101.4443,2,0,AT76,PK-WGR,1670000000,WON1772,WON,5,36,0
22853,10/17/2022 8:18,0.4542,101.4443,2,0,AT76,PK-WGS,1670000000,WON1231,WON,3,36,0
25091,10/18/2022 15:36,0.4538,101.4443,2,0,AT76,PK-WGS,1670000000,WON2231,WON,5,36,0
28465,10/20/2022 15:09,0.4642,101.4446,182,0,AT76,PK-WGS,1670000000,WON2231,WON,6,18,0
31315,10/22/2022 8:41,0.4648,101.4446,182,0,AT76,PK-WGS,1670000000,WON1231,WON,4,18,0
34415,10/26/2022 14:54,0.4552,101.4444,2,0,AT76,PK-WGS,1670000000,WON2231,WON,6,36,0
37437,10/29/2022 8:28,0.4546,101.4443,2,0,AT76,PK-WGS,1670000000,WON1231,WON,4,36,0
46927,11/9/2022 15:46,0.4555,101.4444,3,0,AT76,PK-WGS,1670000000,WON2231,WON,9,36,0
52077,11/12/2022 15:32,0.4546,101.4444,2,0,AT76,PK-WGS,1670000000,WON2231,WON,6,36,0
70509,12/2/2022 15:11,0.4548,101.4443,2,0,AT76,PK-WGS,1670000000,WON2231,WON,6,36,0
81123,12/10/2022 19:15,0.456,101.4444,2,0,AT76,PK-WGS,1670000000,WON1243,WON,4,36,1
10203,10/5/2022 8:32,0.4556,101.4444,2,0,AT76,PK-WHI,1660000000,WON1231,WON,5,36,0
54920,11/17/2022 15:21,0.4515,101.4443,2,0,AT76,PK-WHQ,1670000000,WON2231,WON,8,36,0
58617,11/22/2022 16:19,0.452,101.4443,1,0,AT76,PK-WHQ,1670000000,WON1243,WON,3,36,0
60542,11/23/2022 15:21,0.454,101.4443,2,0,AT76,PK-WHQ,1670000000,WON2231,WON,8,36,0
62055,11/24/2022 15:33,0.4538,101.4443,3,0,AT76,PK-WHQ,1670000000,WON2231,WON,4,36,0
67768,11/30/2022 15:12,0.4563,101.4444,2,0,AT76,PK-WHQ,1670000000,WON2231,WON,9,36,1
79184,12/9/2022 12:36,0.4557,101.4444,2,0,AT76,PK-WHQ,1670000000,WON1770,WON,4,36,0
85109,12/14/2022 20:16,0.4561,101.4444,2,0,AT76,PK-WHQ,1670000000,WON1774,WON,8,36,1
90923,12/20/2022 12:28,0.4546,101.4443,2,0,AT76,PK-WHQ,1670000000,WON1770,WON,8,36,0
91844,12/20/2022 18:54,0.4574,101.4444,2,0,AT76,PK-WHQ,1670000000,WON1774,WON,8,36,1
93085,12/21/2022 18:10,0.4554,101.4444,1,0,AT76,PK-WHQ,1670000000,WON1243,WON,4,36,0
9528,10/4/2022 16:30,0.456,101.4444,2,0,AT76,PK-WHZ,1660000000,WON1243,WON,9,36,1
18276,10/13/2022 15:05,0.4566,101.4444,2,0,AT76,PK-WHZ,1670000000,WON2231,WON,5,36,1
22806,10/16/2022 16:10,0.4548,101.4444,2,0,AT76,PK-WHZ,1670000000,WON2231,WON,6,36,0
36744,10/28/2022 15:13,0.4543,101.4443,2,0,AT76,PK-WHZ,1670000000,WON2231,WON,8,36,0
43412,11/5/2022 16:56,0.4559,101.4445,2,0,AT76,PK-WHZ,1670000000,WON1243,WON,6,36,1
44034,11/6/2022 16:16,0.4559,101.4446,2,0,AT76,PK-WHZ,1670000000,WON2231,WON,4,36,1
44768,11/7/2022 18:34,0.455,101.4444,2,0,AT76,PK-WHZ,1670000000,WON2231,WON,4,36,0
54456,11/16/2022 16:51,0.4535,101.4443,2,0,AT76,PK-WHZ,1670000000,WON1243,WON,5,36,0
55210,11/17/2022 16:44,0.4548,101.4444,2,0,AT76,PK-WHZ,1670000000,WON1243,WON,4,36,0
62216,11/24/2022 16:30,0.4616,101.4445,180,0,AT76,PK-WHZ,1670000000,WON1243,WON,8,18,1
69720,12/1/2022 19:10,0.4544,101.4443,2,0,AT76,PK-WHZ,1670000000,WON1774,WON,7,36,0
70868,12/2/2022 18:37,0.4562,101.4444,2,0,AT76,PK-WHZ,1670000000,WON1774,WON,4,36,1
71860,12/3/2022 16:03,0.4547,101.4443,2,0,AT76,PK-WHZ,1670000000,WON1772,WON,8,36,0
92241,12/21/2022 12:26,0.4527,101.4443,2,0,AT76,PK-WHZ,1670000000,WON1770,WON,2,36,0
92686,12/21/2022 16:01,0.4543,101.4445,2,0,AT76,PK-WHZ,1670000000,WON1772,WON,4,36,0
94142,12/22/2022 12:33,0.4541,101.4443,2,0,AT76,PK-WHZ,1670000000,WON1770,WON,4,36,0
94430,12/22/2022 15:50,0.455,101.4445,1,0,AT76,PK-WHZ,1670000000,WON1772,WON,5,36,0
94892,12/22/2022 19:10,0.4581,101.4445,2,0,AT76,PK-WHZ,1670000000,WON1774,WON,6,36,1
68272,11/30/2022 18:50,0.456,101.4444,2,0,AT76,PK-WJF,1670000000,WON1774,WON,4,36,1
68974,12/1/2022 12:37,0.4548,101.4443,2,0,AT76,PK-WJF,1670000000,WON1770,WON,6,36,0
82045,12/11/2022 19:31,0.456,101.4444,2,0,AT76,PK-WJF,1670000000,WON1243,WON,4,36,1
95850,12/23/2022 12:37,0.4553,101.4444,1,0,AT76,PK-WJL,1670000000,WON1770,WON,9,36,0
96306,12/23/2022 16:01,0.4541,101.4443,2,0,AT76,PK-WJL,1670000000,WON1772,WON,9,36,0
345,9/26/2022 18:53,0.4546,101.4444,2,0,AT76,PK-WJP,1660000000,WON1243,WON,6,36,0
12191,10/7/2022 15:07,0.462,101.4445,180,0,AT76,PK-WJP,1670000000,WON2231,WON,6,18,1
66633,11/29/2022 15:25,0.4545,101.4443,2,0,AT76,PK-WJP,1670000000,WON1772,WON,5,36,0
80696,12/10/2022 15:15,0.4549,101.4444,2,0,AT76,PK-WJP,1670000000,WON2231,WON,8,36,0
83050,12/12/2022 19:25,0.4549,101.4443,2,0,AT76,PK-WJP,1670000000,WON1243,WON,8,36,0
85325,12/15/2022 8:15,0.4532,101.4443,2,0,AT76,PK-WJP,1670000000,WON1231,WON,5,36,0
89071,12/17/2022 15:19,0.4538,101.4443,2,0,AT76,PK-WJP,1670000000,WON2231,WON,5,36,0
72907,12/4/2022 14:42,0.4639,101.4446,2,0,B733,PK-YGH,1670000000,TMG420,TMG,6,36,1
76173,12/6/2022 19:13,0.4604,101.4445,2,0,B733,PK-YGH,1670000000,TMG420,TMG,4,36,1
80078,12/9/2022 17:58,0.4607,101.4445,2,0,B733,PK-YGH,1670000000,TMG420,TMG,9,36,1
16988,10/12/2022 16:03,0.4509,101.4443,2,0,A320,,1670000000,SJV866,SJV,6,36,0
18565,10/13/2022 17:13,0.4532,101.4443,1,0,A320,,1670000000,SJV837,SJV,3,36,0
23629,10/17/2022 16:26,0.4524,101.4443,2,0,A320,,1670000000,SJV866,SJV,9,36,0
31143,10/22/2022 7:33,0.4521,101.4443,1,0,A320,,1670000000,SJV910,SJV,9,36,0
46762,11/9/2022 14:12,0.4514,101.4442,2,0,A320,,1670000000,SJV912,SJV,5,36,0
47279,11/9/2022 17:33,0.4534,101.4443,2,0,A320,,1670000000,SJV837,SJV,4,36,0
63644,11/25/2022 16:31,0.4563,101.4444,2,0,AT76,PK-WHZ,1670000000,WON1243,WON,9,36,1
